1,0101000020E6100000E3AAB2EF8A58524072BF4351A0CB4040,33.59083,73.38348,KTA3683,North,KAHUTA
2,0101000020E6100000C2B797D1DB48524066BEA4AD219C3D40,29.60988889,73.13841667,HRD4241,Central A,Haroonabad
3,0101000020E6100000FDBCA9488595514075E5B33C0F6E3C40,28.42992,70.33626,RYK0391,Central B,Rahim Yar Khan
4,0101000020E61000009C8A54185B405240ED9925016A8E4140,35.11261,73.00556,PTN2493,North,Pattan
5,0101000020E6100000003ACC971716524092B3B0A71D664140,34.79778,72.34519,MGO1037,North,Mingora
6,0101000020E6100000F697DD93872952409C33A2B437B83E40,30.7196,72.6489,KAM3116,Central B,Kamalia
7,0101000020E6100000D0D556EC2FEB5140158C4AEA04643D40,29.3907,71.6748,BHP0062,Central B,BAHAWALPUR
8,0101000020E610000050DF32A7CBBE504000917EFB3A303E40,30.1884,66.98118,QTA0794,South,QUETTA
9,0101000020E61000008104C58F318B5240D1915CFE431A4040,32.2052,74.1749,GUJ3302,Central A,Gujranwala
10,0101000020E6100000C3F01131250252408C101E6D1C014140,34.00868,72.03352,NWS2639,North,NOWSHERA
11,0101000020E6100000E97DE36BCFAA5140C63368E89F083F40,31.03369,70.66891,SBK0064,Central B,Sabu Khel
12,0101000020E6100000DF6C73637A225240F0F96184F00C4140,34.10109,72.53872,RUR1135,North,Rural
13,0101000020E6100000AF5A99F04B1B514035D252793BD23940,25.82122,68.42651,HLA0631,South,Hala
14,0101000020E61000001F85EB51B836524007CE1951DACB3D40,29.7963,72.855,CHS4124,Central A,Chishtian
15,0101000020E610000081D3D41520C35040F2D24D6210D03840,24.81275,67.04883333,KHI0079,South,Karachi
16,0101000020E6100000D044D8F0F44852408ECC237F30703F40,31.43824,73.13995,FSD3561,Central B,Faisalabad
17,0101000020E610000015FE0C6FD605514037DF88EE59173A40,26.091216,68.091213,HGW6476,South,Kalari
18,0101000020E6100000A5BDC117268352402EFF21FDF6453F40,31.2733,74.0492,HWY0012,Central A,Highway
19,0101000020E6100000B7627FD93D295240B5A679C729124040,32.1419,72.6444,HDT3825,Central B,Haidarabad Town
20,0101000020E6100000DE8E705AF016524017F19D98F59A4040,33.21062,72.35842,KOR1204,North,KHOR
21,0101000020E6100000B21188D7F51352404A7B832F4CD63E40,30.8371,72.31188,HWY2351,Central B,Highway
626,0101000020E61000001D98F5C592C350406C727CDDB7E83840,24.90905556,67.05583333,KHI0640,South,Karachi
23,0101000020E6100000603C8386FE4D52409335EA211AE14040,33.75861,73.21866,HWY3630,North,ISLAMABAD
24,0101000020E6100000EAEC6470942A5240DAACFA5C6D0D4040,32.1049,72.66531,SGD7932,Central B,SARGODHA
25,0101000020E61000004E62105839CC514000917EFB3A103E40,30.0634,71.191,MGH4490,Central B,MUZAFARGARH
26,0101000020E6100000739D465A2A5152406536C824237F3F40,31.49663,73.26821,KWL8377,Central B,Khurrianwala
27,0101000020E6100000069E7B0F970852404B598638D68D3E40,30.55405,72.13422,ABH0161,Central B,Abdul Hakeem
28,0101000020E6100000B537F8C264B651406EA301BC05823D40,29.5079,70.8499,JTO4246,Central B,Jattoi
29,0101000020E61000008E06F016484452407B14AE47E14A3E40,30.2925,73.0669,ARW4109,Central A,Arifwala
30,0101000020E6100000645DDC4603305140B5A679C7298A3B40,27.5397,68.7502,KPU0369,South,Khairpur
31,0101000020E6100000FCC6D79E591C5140CBF8F71917463C40,28.27379,68.44297,JAC5446,South,JACOBABAD
32,0101000020E61000009F3C2CD49A0C524059A31EA2D13D3E40,30.24148,72.19695,RUR4993,Central B,Rural
33,0101000020E610000023452AADFB805140D1CA9CB2C35C3C40,28.36236111,70.01536111,HWY4103,South,Highway
34,0101000020E6100000931804560EC150408B6CE7FBA9313E40,30.194,67.0165,QTA0305,South,QUETTA
35,0101000020E610000005A3923A01EB5140C3D32B65196A3D40,29.41445,71.67195,BHP3958,Central B,BAHAWALPUR
36,0101000020E6100000945695E0C1E65140896DFF88AE094040,32.07563889,71.60558333,DAB4594,Central B,Dhab
37,0101000020E61000009C33A2B437F05140C095ECD808CC3D40,29.79701,71.7534,RUR4619,Central B,Rural
38,0101000020E6100000C3F01131251A5240EFC9C342ADE93E40,30.9128,72.40852,HWY1995,Central B,Highway
39,0101000020E610000030134548DD9452400055DCB8C5743F40,31.456142,74.326006,LHR8994,Central A,Lahore
627,0101000020E6100000917EFB3A70C650408CF84ECC7AE93840,24.91203,67.1006,KHI0540,South,Karachi
41,0101000020E6100000098A1F63EE1A5240D847A7AE7C764040,32.92568,72.4208,TLG1126,North,TALAGANG
42,0101000020E6100000AF94658863C15040E25817B7D1D03840,24.8157,67.0217,KHI0538,South,KARACHI
43,0101000020E61000008A7FF16F84005140EA9BB0D4E5963B40,27.58944444,68.00808333,KAK5821,South,Kambar Ali Khan
44,0101000020E61000006B65C22FF59152403F8C101E6D9C3F40,31.61104,74.28059,SHD9795,Central A,SHAHDARA
45,0101000020E610000054742497FF3451409B559FABADB83B40,27.7214,68.8281,SUK5998,South,SUKKUR
46,0101000020E61000006EDDCD531DE85140C79DD2C1FA973E40,30.59367,71.62679,HWY0004,Central B,Highway
47,0101000020E6100000A73FFB9122125240975643E21E3B3F40,31.23094,72.28336,RUR1006,Central B,Rural
48,0101000020E6100000D15CA79196F851402849D74CBE693E40,30.41306,71.88419,RUR0162,Central B,Rural
49,0101000020E6100000DBBFB2D2A43A5240679B1BD313AE3F40,31.67999,72.91631,HWY2760,Central B,Highway
50,0101000020E6100000A835CD3B4E0D5140E9263108AC8C3B40,27.5495,68.2079,LKN5091,South,Larkana
51,0101000020E610000002BC051214355240CF66D5E76AB33D40,29.70085,72.82935,HWY1878,Central A,Highway
52,0101000020E6100000A4060DDC45CD51400B7F6529822C3F40,31.17386111,71.20738889,RUR4813,Central B,Rural
53,0101000020E6100000A60A4625757E524011C7BAB88DF63E40,30.9631,73.9759,CHU3108,Central A,Chunian
54,0101000020E6100000E59B6D6E4C0B5240A4C2D84290CB3D40,29.79517,72.17654,MLS3208,Central B,Mailsi
55,0101000020E61000005DC47762D6F951407AA52C431C2B4140,34.3368,71.90371,MDB3734,North,MADAY BABA
56,0101000020E6100000C8EA56CF493B52408E01D9EBDDFF4040,33.99896,72.92638,HRR1410,North,Haripur
57,0101000020E610000052B81E85EBED5040984C158C4A0A3B40,27.0402,67.7175,KNS0470,South,Khairpur Nathan Shah
58,0101000020E610000015ECD86B2EC050407D0CF371AFD93840,24.85033333,67.00283333,KHI0022,South,KARACHI
59,0101000020E61000006891ED7C3F5B524097CADB114E533F40,31.32541,73.42575,JRW8427,Central B,Jarranwala
60,0101000020E6100000E60EB465AD8052401C27224FD4BF3F40,31.74933333,74.01058333,HWY8783,Central A,Highway
61,0101000020E6100000137EA99F373B5140C5E6E3DA50113C40,28.06764,68.92527,HGW6039,South,HIGHWAY
62,0101000020E6100000533F6F2A52C7514073637AC2128F4040,33.11776,71.11439,KRK1117,North,KARAK
63,0101000020E6100000711B0DE02D305240C746205ED73F3F40,31.24938,72.7528,RUR4780,Central B,Rural
64,0101000020E610000055C1A8A44E285140E3361AC05B703B40,27.4389,68.6298,HGW8054,South,HIGHWAY
65,0101000020E610000010E9B7AF030F5240F0A7C64B37C14040,33.5095,72.2346,HWY1206,North,Mathial
66,0101000020E6100000977329AE2A595240293FA9F6E9084140,34.06964,73.39323,NTH0195,North,NATHYA GALI
67,0101000020E6100000A27A6B60AB425240D881734694564140,34.6764,73.04171,BTG1545,North,BATGRAM
628,0101000020E6100000E1455F419ABB5040E9D495CFF2F43840,24.95683,66.93129,KHI6387,South,Karachi
68,0101000020E61000007B832F4CA6BA51403411363CBD623D40,29.3857,70.9164,RUR3545,Central B,Alipur
69,0101000020E6100000401361C3D353524060764F1E165A3F40,31.3519,73.3098,HWY4705,Central B,Highway
70,0101000020E61000008FDFDBF467F3514061C3D32B65314140,34.3859,71.80322,RUR3888,North,Rural
71,0101000020E6100000F46C567DAE3852408DEE2076A6704140,34.88008,72.88565,BSM3446,North,Bisham
72,0101000020E6100000FE65F7E4615152404772F90FE9E73F40,31.9059,73.2716,HWY0394,Central A,Highway
73,0101000020E6100000A8C64B3789415240371AC05B20294040,32.3213,73.024,HWY0404,Central B,Highway
74,0101000020E6100000D8BB3FDEABA45240C7F484251E0C4040,32.09467,74.57299,RUR5010,Central A,Rural
75,0101000020E6100000677E350708485240931804560E054140,34.0395,73.12549,HWY3000,North,Highway
76,0101000020E610000033DC80CF0F3F524051F701486DBA3F40,31.72823,72.98534,CHN4463,Central B,Chiniot
77,0101000020E61000002FA935283549524052B81E85EBC94040,33.5775,73.14386945,RWP1743,North,RAWALPINDI
78,0101000020E610000088F4DBD781295140A33B889D29F43B40,27.95376,68.64855,SKP5090,South,Shikarpur
79,0101000020E61000002098A3C7EFF751405D8AABCABEFB3D40,29.98338,71.87401,TSP0031,Central B,Tibba Sultanpur
80,0101000020E61000008E3BA583F52B5240657094BC3A0B4040,32.08773,72.68686,SGD2060,Central B,SARGODHA
81,0101000020E6100000C39E76F86B425240F38E537424174040,32.1808,73.03784,HWY0133,Central B,Highway
82,0101000020E61000001F85EB51B85A51407B4B395FECDD3B40,27.866888,69.4175,KPM5818,South,Khanpur Mehar
83,0101000020E6100000EFCB99ED0ADE514050A73CBA117A3D40,29.476833,71.469417,RUR4579,Central B,Rural
84,0101000020E610000027F73B1405AE5140E6965643E27E3E40,30.49564,70.71906,HWY4309,Central B,Highway
85,0101000020E6100000DC3710F56F5A52403D0AD7A370553F40,31.33375,73.41308333,JRW4011,Central B,Jarranwala
86,0101000020E610000003098A1F63DE5140A779C7293A423D40,29.2587,71.4748,HWY0443,Central B,Highway
87,0101000020E61000006CCF2C0950115140F792C6681D253A40,26.14498,68.27051,SKD5783,South,Sakrand
88,0101000020E6100000DE59BBED426B5140F9F719170E0C3C40,28.04709,69.67596,DKI5784,South,DHARKI
89,0101000020E61000000B462575021251405F984C158C5A3940,25.3537,68.2814,KOT0663,South,Kotri
90,0101000020E61000005CE674594C1A5140AD6EF59CF43E3A40,26.24592,68.41091,NWB5083,South,Nawabshah
91,0101000020E6100000E4F736FDD91B52403B3602F1BAC63E40,30.77629,72.43518,PML3516,Central B,Pir Mahal
92,0101000020E6100000CBBE2B82FFC15140747B4963B4163D40,29.08869,71.03122,HWY7416,Central B,Highway
93,0101000020E6100000DD0720B589395240CB67791EDC3D3E40,30.24164,72.89903,HWY1660,Central B,Highway
94,0101000020E61000008BFD65F7E4215240C442AD69DED13F40,31.8198,72.5296,SLW4272,Central B,Sillanwali
95,0101000020E61000001618B2BAD5B15140BE6A65C22F614040,32.75927,70.77867,HWY1172,North,GandiChowk
96,0101000020E6100000FC523F6F2AE45140E25817B7D1FC4040,33.97515,71.56509,PSH0319,North,PESHAWAR
97,0101000020E610000063EE5A423EB45140A323B9FC87C43C40,28.7677,70.8163,HWY0714,Central B,Highway
98,0101000020E6100000F168E388B56051408D7F9F71E1083C40,28.03469,69.51108,MPM6273,South,MIR PUR MATHELO
99,0101000020E6100000DF6C73637A54524002D9EBDD1F9F4040,33.24316,73.31997,GJK0837,North,GOJAR KHAN
100,0101000020E6100000352905DD5EBC5140C45F9335EA754040,32.92121,70.94329,MCB3767,North,MUCHKI BANDA
101,0101000020E610000079060DFD13505240ADDD76A1B9CE3D40,29.80752,73.25122,HWY0660,Central A,Highway
102,0101000020E610000014ED2AA4FC145240ACFF73982F473F40,31.27807,72.32792,JHG3842,Central B,Jhang
103,0101000020E6100000170E8464013F5240187D0569C6623F40,31.38584,72.98446,FSD0810,Central B,Faisalabad
104,0101000020E6100000B6847CD0B3355140734BAB2171B73B40,27.71657,68.8391,SUK0795,South,SUKKUR
105,0101000020E61000005DBF60376C0B52408D9C853DED704040,32.88224,72.17848,HWY2153,North,Highway
106,0101000020E6100000FAB836548C6D5240545227A089784040,32.9417,73.71169,MGW0004,North,Jhelum
107,0101000020E61000005B423EE8D92C52408126C286A7873E40,30.5299,72.7008,CWT0490,Central B,Chichawatni
108,0101000020E610000057EC2FBB27A95140516B9A779C0A3E40,30.04145,70.64305,DGK3394,Central B,Dera Ghazi Khan
109,0101000020E610000056785DE02EC65040B0FDE8C4B3EA3840,24.91680556,67.09661111,KHI0035,South,Karachi
110,0101000020E6100000DC4B1AA37546524044A33B889DA93E40,30.66256,73.10093,SHW0326,Central A,Sahiwal
111,0101000020E6100000FE65F7E461695240787AA52C43AC3E40,30.6729,73.6466,DPL3328,Central A,Dipalpur
112,0101000020E610000025404D2D5B83524052616C21C8E13E40,30.88196,74.05244,HUJ7681,Central A,Hujra Shah Muqeem
113,0101000020E6100000164D672783BB514032207BBDFBC33E40,30.76556,70.92988,HWY0094,Central B,Highway
114,0101000020E610000017B7D100DE0052409AB1683A3B514140,34.63462,72.01355,THN3854,North,THANA
115,0101000020E61000009609BFD4CF29524022A64412BD6C4040,32.84952,72.65331,HWY2126,North,Balkaser
629,0101000020E6100000A4060DDC45C15040BB4D131159DD3840,24.8646403,67.01988889,DTE0159,South,Karachi
117,0101000020E6100000FE9AAC510F7F52406F47382D782D4040,32.35523,73.98531,SKY9499,Central A,Sarokay
118,0101000020E6100000ADFA5C6DC5EE5140C58F31772D613D40,29.3796,71.7308,MGW0003,Central B,Bahawalpur
119,0101000020E61000005A8121AB5BFF5040A4A5F27684AB3A40,26.66999,67.98997,MOR0449,South,Moro
120,0101000020E61000000E677E3507505240B58993FB1D023E40,30.00827,73.25044,BWN3838,Central A,Bahawalnagar
121,0101000020E6100000C10833D069D751400A2FE2B7F86B4040,32.84352778,71.36583333,RUR4317,North,Rural
122,0101000020E61000002E90A0F8318E514070CE88D2DE703C40,28.4409,70.2218,HWY0734,Central B,Highway
123,0101000020E61000003480B740827652409E5E29CB10073F40,31.0276,73.8517,PTT0325,Central A,Pattoki
124,0101000020E6100000A228D027F2FA51405665DF15C19F3D40,29.62404,71.92103,KRP7375,Central B,Kahror Pakka
125,0101000020E6100000FE65F7E461E95140787AA52C438C3D40,29.5479,71.6466,LDH0436,Central B,Lodhran
126,0101000020E610000003B5183C4C7B52408081204086D23E40,30.822361,73.926528,RUR4962,Central A,Rural
128,0101000020E61000004DF38E5374745240C442AD69DE214040,32.2646,73.8196,ALC3447,Central A,Alipur Chatha
129,0101000020E6100000AE47E17A142C52409C39A07CAC2A3E40,30.16669444,72.68875,BRW4025,Central B,BUREWALA
130,0101000020E6100000EF38454772555240E3A59BC420803F40,31.5005,73.3351,HWY4159,Central B,Highway
131,0101000020E6100000E08442041C065240087250C24C2B3F40,31.16914,72.09546,ATH4921,Central B,Athara Hazari
132,0101000020E6100000DDEF5014E83D52403CBD529621D24040,33.64165,72.96729,ISB1066,North,ISLAMABAD
133,0101000020E6100000B65D2E030A2A5240098720FFB37D3D40,29.49102778,72.65686111,RUR4080,Central A,Rural
134,0101000020E61000001361C3D32B7D524027C286A7575A4040,32.7058,73.9558,LLM0360,Central A,Lala Musa
127,0101000020E6100000B003E78C28455240AD69DE718A6E3F40,31.4318,73.0806,FSD0420,Central B,Faisalabad
135,0101000020E6100000BBB33C30BCC15040B5FBB8AAAADA3840,24.85416667,67.02711111,KHI0024,South,KARACHI
136,0101000020E6100000E36BCF2C09A65140DDCD531D72A33D40,29.63846,70.59431,JAM4307,Central B,Jampur
137,0101000020E6100000959F54FB742E524021938C9C85E54040,33.79314,72.72589,TXA1375,North,TAXILA
138,0101000020E6100000174850FC18FB514055C1A8A44E503E40,30.3137,71.9234,KNL0433,Central B,Khanewal
139,0101000020E610000077EA3EBE0CF65140D545A73A26D83E40,30.84433333,71.84452778,HWY4920,Central B,Highway
140,0101000020E6100000764F1E166A3F51409F1F46088F3E3B40,27.24437,68.99085,LLJ5287,South,Lal Jurio
141,0101000020E61000008811C2A38D235240B2463D44A3B33D40,29.70171,72.55552,HSL3510,Central A,Hasilpur
142,0101000020E6100000906AB7E1A0F55140EBD595091E5C4040,32.71966667,71.83794444,CKL4781,North,Chakrala
143,0101000020E610000061FD9FC37C2351401C25AFCE31303B40,27.18826,68.55449,BZD6679,South,BUZDAR
144,0101000020E610000026F3762169C450405914B86DC6E03840,24.87802778,67.06891667,KHI0057,South,Karachi
145,0101000020E610000029AE2AFBAE0C5240A4C7EF6DFA0B3E40,30.04679,72.19818,HWY4480,Central B,Highway
146,0101000020E6100000F792C6681D815140BD3AC780EC453C40,28.27314,70.01742,HWY1409,South,Highway
147,0101000020E6100000AE47E17A148E52401CEBE2361A403F40,31.2504,74.22,RWD3061,Central A,RAIWIND
148,0101000020E610000036321BA62EC75040626896806FD63840,24.83763889,67.11222222,KHI0033,South,Karachi
149,0101000020E610000044696FF085E351403B014D840DF74040,33.9301,71.55505,HWY3573,North,Highway
150,0101000020E61000007B14AE47E11A52400BB5A679C7393D40,29.2257,72.42,MRT4523,Central A,Marott
151,0101000020E6100000399CF9D51C485240AA436E861B083F40,31.03167,73.12676,TAN4765,Central B,Tandlianwala
152,0101000020E61000008E75711B0D085140F1F44A5986D83A40,26.8458,68.1258,NFZ0378,South,NOSHERO FEROZE
153,0101000020E6100000BB9BA73AE4285240313F373465FB3F40,31.982013,72.63893,HWY8518,Central B,Highway
154,0101000020E6100000956F2A10C51A52403EB2985CB5AF3D40,29.68636111,72.41827778,QMP8551,Central A,QaimPur
155,0101000020E610000099BB96900F9252402D431CEBE2A63F40,31.6519,74.2822,SHD0053,Central A,SHAHDARA
156,0101000020E6100000D00F2384474F52409F93DE37BEAE4040,33.36518,73.23874,HWY3597,North,Highway
157,0101000020E6100000C2A38D23D64252403A7AFCDEA6D34040,33.65353,73.04432,ISB0362,North,ISLAMABAD
158,0101000020E610000066834C3272B85140F12E17F19DB83D40,29.72116,70.88197,RUR4302,Central B,Rural
159,0101000020E61000001C9947FE603A5240F20C1AFA27C03F40,31.75061,72.91217,RBW2959,Central B,Rabwa
160,0101000020E610000080127E2DD8665140A893094B7E713C40,28.44333333,69.60694444,KSH5826,South,Kashmore
161,0101000020E61000007DB3CD8DE9B151408A1F63EE5AB64040,33.42465,70.77988,RUR1589,North,Rural
162,0101000020E6100000FF04172B6A4E524059DDEA39E9154140,34.17118,73.22523,ABT0836,North,Abbottabad
163,0101000020E61000009CF9D51C20E251409F5912A0A64A4040,32.58321,71.53321,MNW3870,North,Mianwali
164,0101000020E610000021E527D53ED9514038A1100187CC4040,33.59787,71.39446,KHT0216,North,KOHAT
165,0101000020E61000006744696FF01D5240C3F5285C8F224040,32.27,72.4678,SHP4270,Central B,Shahpur
166,0101000020E6100000D3D9C9E0284F5240DDD3D51D8B194140,34.199558,73.23687,ABT0286,North,ABBOTTABAD
167,0101000020E6100000630AD6389B7852401A6A1492CC644040,32.787493,73.884474,KHR0196,Central A,KHARIAN
168,0101000020E61000009A5FCD01821F5140D6390664AF7F3B40,27.49877,68.49231,KAD6637,South,KAMAL DEIRO
169,0101000020E6100000637FD93D7990524027C286A757CA3F40,31.7904,74.2574,MRY0270,Central A,Muredkey
170,0101000020E6100000658D7A88461252409B20EA3E00254040,32.28907,72.285555,JRD3871,North,Joharabad
171,0101000020E610000083942BFE67C75040EF32477FFDE63840,24.90230556,67.11572222,KHI0144,South,Karachi
172,0101000020E6100000D717096D39BD5040A80018CFA0813E40,30.50636,66.95663,PIS5443,South,PISHIN
173,0101000020E6100000C6DCB5847C5C524022FDF675E0CC3E40,30.8003,73.4451,OKR4561,Central A,Okara
174,0101000020E6100000F8C264AA60585240D6C56D3480B73F40,31.7168,73.3809,SAN4060,Central B,Sangla Hill
175,0101000020E6100000CE1951DA1B585240280F0BB5A6593E40,30.3502,73.3767,PKP3206,Central A,Pakpattan
630,0101000020E61000009FABADD85FC650403EE8D9ACFAFC3840,24.9882,67.0996,KHI0771,South,Karachi
177,0101000020E61000006DE7FBA9F18E5240840D4FAF94653F40,31.3968,74.2335,RUR3054,Central A,Lahore
178,0101000020E610000075B0FECF6136524060CD018239CA3D40,29.78994,72.84972,CHS7386,Central A,Chishtian
179,0101000020E610000019AC17C771FA5040909DF9CDABD93B40,27.85027778,67.91319444,SDD5686,South,Shahdadkot
180,0101000020E610000015731074B4F7504062105839B4883D40,29.534,67.870389,SIB5450,South,SIBI
181,0101000020E61000009A081B9E5EC5514062105839B4144040,32.16175,71.0839,KTJ2528,North,KOT JAI
182,0101000020E61000006B48DC63E9EB5040A88C7F9F71293940,25.16189,67.68612,NOR6021,South,NOORIABAD
183,0101000020E610000062A1D634EF04524088F4DBD781D33E40,30.8262,72.0771,SHO3210,Central B,Shorkot
184,0101000020E61000002E56D4601A425140105D50DF32BF3B40,27.74687,69.03286,HGW6036,South,HIGHWAY
185,0101000020E6100000BADFDBD399205240B0CAA6D8A8FA3D40,29.97913889,72.50938889,RUR4566,Central B,Rural
186,0101000020E61000009CA223B9FC1F5140BB270F0BB5463B40,27.2762,68.4998,RAN0379,South,RANI PUR
187,0101000020E6100000EE5A423EE83D514060764F1E16CA3840,24.7894,68.9673,TBG0600,South,Tando Bagho
188,0101000020E6100000E0675C3810705240A306D3307CF43E40,30.95502,73.75099,HWY7424,Central A,Highway
189,0101000020E6100000315F5E807D385240E65C8AABCAFA4040,33.95931,72.88266,HRR0730,North,Haripur
190,0101000020E6100000ADA3AA09A210524065E42CEC698F3F40,31.56021,72.25989,HWY2813,Central B,Highway
191,0101000020E6100000917EFB3A708E5240BDE3141DC9F53F40,31.9601,74.2256,KMK0095,Central A,Kamoki
192,0101000020E6100000E3C798BB967C524052448655BC313F40,31.19428,73.9467,BPR1166,Central A,Bhai Pheru
193,0101000020E610000065C22FF5F33C52406519E25817173F40,31.0902,72.95239,RUR0204,Central B,Rural
194,0101000020E610000048BF7D1D388F52402B8716D9CE573F40,31.343,74.2378,RUR0635,Central A,LAHORE
195,0101000020E6100000ECFA05BB612751404A7B832F4C963B40,27.5871,68.61534,PJT6148,South,Pir Jo Goth
196,0101000020E6100000F6EE8FF7AA1D5240EB1C03B2D7733F40,31.45251,72.46356,RUR7186,Central B,Rural
197,0101000020E610000018601F9DBADE5140D3139678405D4140,34.72853,71.48014,BJR2292,North,Bajaur Agency
198,0101000020E6100000BC74931804C6514070CE88D2DEA03F40,31.6284,71.094,BKR4928,Central B,Bhakkar
199,0101000020E610000092054CE0D69152405A8121AB5BFD3E40,30.98968,74.27874,KDN8868,Central A,Khudian
200,0101000020E6100000F819170E84FA514019ADA3AA092A4040,32.32842,71.91431,GNJ3997,North,Gunjia
201,0101000020E610000096438B6CE7635240E25817B7D1C03E40,30.7532,73.561,RUR4557,Central A,Rural
631,0101000020E61000009C33A2B437C45040780B24287EDC3840,24.8613,67.0659,KHI9457,South,Karachi
202,0101000020E6100000B5703877E4405140A4E5BCD610863940,25.52369444,69.01394444,MPK5109,South,MIR PUR KHAAS
203,0101000020E61000005C2041F163285140CC7F48BF7DED3940,25.9277,68.6311,SDP5214,South,ShahdadPur
204,0101000020E6100000CDCCCCCCCC5C52408A8EE4F21FD23E40,30.8208,73.45,OKR4221,Central A,OKARA
205,0101000020E6100000302AA913D0165240EEEBC03923264040,32.29795,72.35645,KHU3458,North,Khushab
206,0101000020E6100000645DDC46038452409487855AD3444040,32.5377,74.0627,GJR3335,Central A,Gujrat
207,0101000020E610000058CA32C4B1885140AEBB79AA434E3C40,28.30572,70.13585,SDQ0814,South,SADIQABAD
208,0101000020E61000007BF7C77BD5CA52408CA19C6857214040,32.26048,75.16928,SKG9840,Central A,ShakarGarh
209,0101000020E6100000EAEC647094F85140C442AD69DE393E40,30.22605,71.88406,HWY2006,Central B,Highway
210,0101000020E61000003C31EBC5501652409D9D0C8E926F3E40,30.43583,72.34868,MCH0441,Central B,Mian Channu
211,0101000020E61000002ECA6C90499C5040CEC7B5A162EC3E40,30.92338,66.44199,CMN5092,South,CHAMAN
212,0101000020E6100000D8F0F44A59AA52401E8A027D22234040,32.27449,74.6617,PSR0269,Central A,rural
213,0101000020E6100000EEEBC03923865140EA95B20C714C3C40,28.2986,70.0959,RUR0122,South,Rural
214,0101000020E6100000657094BC3AC5514038328FFCC1D03D40,29.81546,71.08171,RUR4808,Central B,Rural
215,0101000020E61000007715527E523352407429AE2AFBDE4040,33.74204,72.80191,TXA0406,North,TAXILA
216,0101000020E61000005F24B4E55C1851403EAE0D15E35C3940,25.36284,68.38067,HYD5852,South,HYDERABAD
217,0101000020E61000009352D0ED253F5240CE531D72335C4040,32.72032,72.98669,CSS1524,North,ChoaSaidanShah
218,0101000020E61000004E62105839D05140FB3A70CE88223D40,29.1349,71.2535,APR0437,Central B,Ahmedpur East
219,0101000020E6100000ED0DBE3099165240B22E6EA3010C3E40,30.0469,72.3531,VHR4070,Central B,Vehari
220,0101000020E61000002B6A300DC3535140B84082E2C7003C40,28.00305,69.30878,GKI0374,South,Ghotki
221,0101000020E6100000E4BD6A65C20B514034BA83D899723B40,27.44766,68.18374,BKN7104,South,Bakrani
222,0101000020E6100000234A7B832F2C524046B1DCD26AE84040,33.81576,72.6904,HAL2121,North,HASSAN ABDAL
223,0101000020E610000018CFA0A17FF85140795DBF6037843E40,30.51647,71.88279,BQR8033,Central B,Baqirpur
224,0101000020E6100000287E8CB96B135140E71DA7E848963A40,26.58705,68.30345,BND6045,South,Bandhi
225,0101000020E6100000B1E1E995B29C5240AA60545227203F40,31.1256,74.4484,KSR0654,Central A,KASUR
226,0101000020E61000001A34F44F70035240C9AB730CC8A63E40,30.65149,72.05373,RUR1472,Central B,Rural
632,0101000020E61000003AF2590172C3504071E5CB8FE8EA3840,24.91761111,67.05383333,KHI0036,South,Karachi
228,0101000020E6100000D1915CFE438A52409CC420B072104040,32.1285,74.1604,GUJ3742,Central A,Gujranwala
229,0101000020E61000004B1FBAA0BEBD51402619390B7B123E40,30.07219,70.96476,RUR7633,Central B,Rural
230,0101000020E6100000151DC9E53F6C5240C4B12E6EA3094040,32.0753,73.6914,HFZ4067,Central A,Hafizabad
231,0101000020E61000000DE02D90A0BC5140A0A696ADF5FD3E40,30.99203,70.9473,HWY0099,Central B,Highway
232,0101000020E610000001C11C3D7E35514056BC9179E4A73840,24.65583,68.83583,BAD0116,South,BADIN
233,0101000020E61000005C1B2AC6F9D55040228E75711BDD3D40,29.8637,67.34337,MAC6239,South,Mach
234,0101000020E6100000F2D24D6210125140AEF545425B6E3940,25.43108,68.28225,JSO0456,South,JAMSHORO
235,0101000020E61000001F4B1FBAA0D2514001DE02098ADF3D40,29.8732,71.29106,SUJ7973,Central B,Shujabad
236,0101000020E61000001B2FDD2406A1524076711B0DE03D4040,32.4834,74.516,SKT0315,Central A,Sialkot
237,0101000020E6100000685C381092BF5040562B137EA9373E40,30.21743,66.99329,QTA0430,South,QUETTA
238,0101000020E61000001D0226F423065240A3F41AF56F084040,32.06591667,72.09594444,ROD4918,North,Roda
239,0101000020E6100000AD2F12DA722E5140CB845FEAE7753940,25.46057,68.72576,ALA6318,South,TANDO ALAYAAR
240,0101000020E6100000EE9579ABAE555240CBD8D0CDFEF04040,33.882776,73.338786,RUR0299,North,Rural
241,0101000020E6100000FB96395D16A3514050FC1873D7AE4040,33.36595,70.54824,THA1098,North,THALL
242,0101000020E61000009BE8F35146775240C2FBAA5CA8CC3F40,31.799444,73.863667,HWY8819,Central A,Highway
243,0101000020E61000008D28ED0DBE6452403A92CB7F48374040,32.4319,73.5741,PHA6218,Central A,Phalia
244,0101000020E6100000401361C3D3EB514077BE9F1A2F4D3E40,30.3015,71.6848,QRW0434,Central B,QadirPur Rawan
245,0101000020E6100000166A4DF38E93524076711B0DE08D3F40,31.5542,74.3056,LHR0129,Central A,LAHORE
246,0101000020E6100000EEB1F4A10BCA51402FC03E3A750D4140,34.10514,71.15696,KHB1654,North,Khyber Agency
633,0101000020E6100000C7F3F84186C6504089999E2C8CF03840,24.93963889,67.10194444,KHI5235,South,Karachi
248,0101000020E61000003C889D29742A51404F3BFC35590B3940,25.04433,68.66334,MTL5888,South,Matli
249,0101000020E610000029ED0DBE307552406A4DF38E53943E40,30.5794,73.8311,BSP3553,Central A,Basirpur
250,0101000020E61000009128B4ACFBF45140A14B38F416B73D40,29.715194,71.827861,RUR4922,Central B,Rural
251,0101000020E6100000FC3559A31E705240F20C1AFA27744040,32.90747,73.75187,SRI1201,North,SARAI ALAMGIR
252,0101000020E6100000245EBFDCFEC65040D87E74E259D13840,24.81777778,67.10930556,KHI0526,South,Karachi
253,0101000020E6100000BBB88D06F09652405F07CE19516A3F40,31.4153,74.3584,LHR3461,Central A,LAHORE
254,0101000020E610000008C9022670E55140FB7953910A574140,34.68001,71.58497,BJR6010,North,Bajaur Agency
255,0101000020E610000062156F641E95514061545227A0193D40,29.1001,70.32998,RJN4264,Central B,Highway
256,0101000020E6100000FBAE08FEB7BC5040FBCBEEC9C35A3E40,30.35455,66.94873,KCH5943,South,KuchLakh
257,0101000020E610000038BEF6CC92EE51407094BC3AC7C04040,33.50608,71.72771,GMT1634,North,GUMBAT
258,0101000020E6100000C7116BF129C252403BFC3559A3264040,32.30186,75.03381,RUR4998,Central A,Rural
259,0101000020E6100000AB9509BFD4BD514031B1F9B836443E40,30.26646,70.96611,HWY0015,Central B,Highway
260,0101000020E6100000CB67791EDCE351400A9DD7D825E64040,33.79803,71.56031,MTN2035,North,Matanee
261,0101000020E61000005E4BC8073D47524007F0164850AC3E40,30.6731,73.1131,SHW3601,Central A,SAHIWAL
262,0101000020E61000009E98F56228FF5140BD3AC780EC014140,34.01503,71.98684,NWS1364,North,NOWSHERA
263,0101000020E61000003D0AD7A370DD5140C5FEB27BF2303E40,30.1912,71.46,MUL7662,Central B,MULTAN
264,0101000020E6100000558B6754096D5240F5F519A3B7753E40,30.45983333,73.70369444,HWY4896,Central A,Highway
265,0101000020E6100000037D224F926A524048BF7D1D384F3F40,31.30945,73.66518,BUC5998,Central A,Buchekey
266,0101000020E6100000D712F241CF4A5240884B8E3BA5333F40,31.20174,73.1689,STY3336,Central B,Satyana
267,0101000020E6100000494BE5ED08175240A1BE654E97E14040,33.76243,72.35992,ATK3869,North,ATTOCK
268,0101000020E6100000B7CF2A33A58A524032056B9C4D674040,32.807056,74.166333,JPS8771,Central A,Jalalpur Sahobhattian
269,0101000020E610000086032159C0665240ACCABE2B82834040,33.02741,73.60549,DNA1573,North,DINA
270,0101000020E6100000B9DFA128D04B524043E21E4B1F2A4140,34.32908,73.18458,MNS1711,North,MANSEHRA
271,0101000020E610000030F0DC7BB8AC51404777103B53103E40,30.06377,70.69876,RUR7620,Central B,Rural
272,0101000020E6100000B50E5883C1DD51400C7ACAC573313E40,30.1931728,71.4649361,MSC0001,Central B,Multan
273,0101000020E6100000D34D621058CD5140C4B12E6EA3113E40,30.0689,71.2085,MGW0002,Central B,Muzaffargarh
274,0101000020E610000062105839B43C5140B29DEFA7C60B3A40,26.046,68.9485,SGH8922,South,SANGARH
275,0101000020E6100000DB8AFD65F76C5240A69BC420B0723F40,31.448,73.7026,NAN4062,Central A,Nankana Sahib
276,0101000020E6100000275DA74FFA4052408C14A9B4EE7B3F40,31.48411111,73.01527778,FSD4692,Central B,Faisalabad
277,0101000020E61000009E5E29CB102B524099BB96900F0A4040,32.0786,72.6729,SGD0818,Central B,SARGODHA
278,0101000020E6100000B3EF8AE07F4F5240C4CE143AAF354140,34.41941,73.24218,HWY1541,North,Highway
279,0101000020E61000006956B60F79945240AA7EA5F3E1574040,32.686583,74.319889,TDA3548,Central A,Tanda
280,0101000020E610000027C286A757965240E3361AC05B803F40,31.5014,74.3491,LHR0191,Central A,Lahore
281,0101000020E6100000E50AEF7211175240CFDA6D179AE34040,33.77814,72.36044,ATK5652,North,ATTOCK
282,0101000020E6100000EE258DD13A1C52402DB29DEFA7763E40,30.4635,72.44109,HWY4330,Central B,Highway
283,0101000020E6100000D93D7958A8A95140F5DBD78173A63C40,28.6502,70.6509,KPR0439,Central B,KhanPur
284,0101000020E6100000EC12D55B03DF514076C3B64599253E40,30.14687,71.48458,MUL2014,Central B,Multan
285,0101000020E6100000E17A14AE47D95140FED478E926213E40,30.1295,71.395,MUL-IND,Central B,MULTAN
286,0101000020E6100000EC2FBB270F735240A835CD3B4E513F40,31.3176,73.7978,MKN3489,Central A,Mor Khunda
287,0101000020E610000074B515FBCB925240B37BF2B0508B3F40,31.5442,74.2937,LHR0061,Central A,LAHORE
288,0101000020E610000003098A1F631651405917B7D1005E3940,25.3672,68.3498,HYD0306,South,HYDERABAD
289,0101000020E61000008351499D80325240BE30992A18553E40,30.3324,72.7891,RUR3715,Central B,Rural
290,0101000020E6100000F853E3A59B94524025068195438B3F40,31.544,74.322,LHR0003,Central A,LAHORE
291,0101000020E6100000D61C2098A33751404BE5ED08A76D3A40,26.42833,68.86936,JMH7054,South,Jamrao Head
292,0101000020E610000078280AF489EC5140F085C954C1583F40,31.3467,71.69592,HBT4811,Central B,Hyderabad Thal
293,0101000020E6100000F54A5986381151405DF8C1F9D4653940,25.397781,68.269075,JSO8575,South,JAMSHORO
294,0101000020E61000006458C51B99DF5140B48EAA26881A3D40,29.10364,71.49372,RUR1505,Central B,Rural
295,0101000020E6100000CC4065FCFB4C52409357E71890294140,34.32471,73.20288,MNS1119,North,MANSEHRA
296,0101000020E6100000D49AE61DA7A052409D11A5BDC1E73F40,31.9053,74.5102,NGM3459,Central A,Narang Mandi
297,0101000020E6100000423EE8D9ACCE51401895D40968823D40,29.5094,71.2293,JPW4299,Central B,Jalalpul Pirwala
298,0101000020E6100000EAFA9164CE7F5240C77E79754CB83F40,31.71991667,73.99697222,SHK3540,Central A,SHEIKHUPURA
299,0101000020E61000001FEF1B8049C35040C022E08C71D93840,24.84938889,67.05136111,KHI5081,South,Karachi
300,0101000020E6100000EC17EC866D155240D36A48DC63F93F40,31.97418,72.33481,SWL0121,Central B,Chota Sahiwal
301,0101000020E6100000FCA9F1D24DEE5140A69BC420B0623D40,29.3855,71.7235,BHP4216,Central B,BAHAWALPUR
302,0101000020E6100000560E2DB29DDF5140DAACFA5C6D353E40,30.2087,71.494,MUL0030,Central B,MULTAN
303,0101000020E61000008E75711B0DD45140A54E401361133E40,30.0757,71.3133,RUR4489,Central B,Rural
304,0101000020E61000009A5FCD0182E351407A8D5DA27A1B4140,34.21468,71.55481,SHQ0887,North,SHABQADAR
305,0101000020E6100000857CD0B359B95140EDB60BCD754E4040,32.61297,70.8961,LKM1256,North,LAKI MARWAT
306,0101000020E6100000AF997CB3CD0D514014B35E0CE58C3C40,28.55037,68.21568,DMJ6562,South,DERA MURAD JAMALI
307,0101000020E61000009C98810C95CD51400E85F0E4AAF53E40,30.95963889,71.21222222,HWY4432,Central B,Highway
308,0101000020E610000040A4DFBE0E3C5240F6436CB070804040,33.003439,72.9384,PDN1929,North,PADSHAN
309,0101000020E61000009BFEEC478AFE50402F3201BF467E3A40,26.493267,67.97719,DTP0448,South,Daulatpur
310,0101000020E61000002D3E05C078DA5140D3C1FA3F87154040,32.16819,71.41362,RUR4901,Central B,Rural
311,0101000020E61000002EFF21FDF6015240D4F19881CA584140,34.69368,72.0307,BSC0017,North,Chakdara
312,0101000020E610000083C0CAA14596524044FAEDEBC0294040,32.3262,74.348,DSK0321,Central A,Daska
313,0101000020E61000004E2844C021725240B515FBCBEEA14040,33.2651,73.78331,MPR2355,North,MirpurRural
314,0101000020E61000003291D26C1E4D5240A568E55E60144140,34.159191,73.204982,ABT2617,North,Abbottabad
315,0101000020E6100000BE13B35E0CCF51406BB75D68AE6B3F40,31.42063,71.23513,YRW7530,Central B,Yaro wala
316,0101000020E6100000657094BC3ADF514052616C21C8413E40,30.25696,71.48796,MUL7774,Central B,MULTAN
317,0101000020E6100000EC4CA1F31AED5140FB96395D16674140,34.80537,71.70477,MDD2536,North,MundaDir
318,0101000020E61000000482ADD08FE25140C445ACCD18374040,32.43044444,71.54002778,HWY4899,Central B,Highway
319,0101000020E610000066F7E461A196524058A835CD3B2E3F40,31.1806,74.3536,RUR3261,Central A,Rural
320,0101000020E6100000E2E995B20C995240E3C798BB96503F40,31.3148,74.3914,HWY3854,Central A,LAHORE
321,0101000020E6100000BE9F1A2FDD1851407AC7293A925B3940,25.3577,68.3885,HYD0661,South,HYDERABAD
322,0101000020E6100000A779C7293ADE5140D656EC2FBB373E40,30.2177,71.4723,MUL0324,Central B,MULTAN
323,0101000020E6100000BEF6CC9200C75240E3C281902C184040,32.18886,75.10941,RUR8812,Central A,Rural
324,0101000020E61000001D386744692952403F575BB1BFC84040,33.56835,72.64705,FTJ1207,North,FATEH JANG
325,0101000020E6100000DB166536C82A52400725CCB4FD933F40,31.57809,72.66847,BHW4139,Central B,Bhawana
326,0101000020E61000001895D409686E5240B515FBCBEE514040,32.6401,73.7251,DNG3509,Central A,Dinga
327,0101000020E61000000D37E0F3C3CE514012312592E8B53D40,29.71058,71.23071,BAN7257,Central B,Bhana
328,0101000020E6100000B7627FD93DE751400118CFA0A10F4140,34.12212,71.61315,KCK3715,North,Kochian Kalay
329,0101000020E6100000DBDC989EB0FA5040D235936FB6613B40,27.38169,67.91703,NSB6044,South,Nasirabad
330,0101000020E61000002F6EA301BCBD504017D9CEF753033940,25.013,66.9646,KHI0806,South,Karachi
331,0101000020E6100000DE3CD52137BD50405F5E807D741A3E40,30.10334,66.95649,QTA6319,South,QUETTA
332,0101000020E61000008B71FE2614A05140E3C281902C903C40,28.56318,70.50123,KSM0475,Central B,Kot Samaba
333,0101000020E61000007B6649809ACE51403DB83B6BB7453E40,30.27233,71.22818,HWY4491,Central B,Highway
334,0101000020E6100000083D9B559F8352408F53742497474040,32.5593,74.0566,MGW0005,Central A,Gujrat
335,0101000020E6100000CD58349D9D1251404F75C8CD70CB3B40,27.79469,68.29087,RDO5735,South,Ratodero
336,0101000020E61000005AF0A2AF20535140B9DFA128D0F73840,24.96802,69.29887,DDH6668,South,DADAH
337,0101000020E61000007BDAE1AFC91C5240D2A92B9FE5493F40,31.28866,72.44981,RUR4859,Central B,Rural
338,0101000020E6100000560E2DB29D77524088635DDC46674040,32.80685,73.869,KHR0295,Central A,KHARIAN
339,0101000020E6100000CF66D5E76A4752404850FC1873A73E40,30.6541,73.1159,SHW0815,Central A,SAHIWAL
340,0101000020E610000044C02154A951524015A930B610544040,32.65676,73.27596,HWY1523,North,Highway
341,0101000020E610000044C3DE9B519A5240171E24D95D464040,32.54973902,74.41123101,RUR0720,Central A,Rural
342,0101000020E6100000E162450DA66B514029965B5A0D613940,25.37911,69.68201,UKT6564,South,Umerkot
343,0101000020E61000004260E5D022175140C364AA6054623940,25.3841,68.3615,HYD0100,South,HYDERABAD
344,0101000020E6100000EB909BE106965140202922C32ADA4040,33.70443,70.34417,KRM1628,North,Kurram Agency
345,0101000020E6100000E78C28ED0DF25140A835CD3B4E014140,34.0102,71.7821,PBI0358,North,PABBI
346,0101000020E610000096438B6CE7DF514004560E2DB22D3E40,30.1785,71.4985,MUL3368,Central B,MULTAN
347,0101000020E6100000183F8D7BF3FA5040C85C19541BC03840,24.750417,67.921111,TTA5680,South,THATTA
348,0101000020E61000002B5B7735F19E5140C3D02C01DF643D40,29.39402778,70.48347222,HWY4516,Central B,Highway
349,0101000020E61000001DACFF7398B55140DAE6C6F484BD3F40,31.74031,70.83743,HWY1498,North,Highway
350,0101000020E61000001B2FDD2406DD514055302AA913303E40,30.1878,71.4535,MUL0028,Central B,MULTAN
351,0101000020E61000001C25AFCE31BA51409279E40F06D63F40,31.83603,70.90929,DIK1096,North,DI KHAN
352,0101000020E6100000C7BAB88D0674524068226C787A953F40,31.5839,73.8129,FWT3105,Central A,Ferozwatwan
353,0101000020E6100000522AE109BD37524061376C5B94CB4040,33.590465,72.870913,HWY7863,North,VSAT
354,0101000020E6100000DF6C73637A9451401B4CC3F011693C40,28.41043,70.31997,RYK0733,Central B,Rahim Yar Khan
355,0101000020E610000012312592E8C35140F60B76C3B63D3D40,29.24107,71.06107,UCH3544,Central B,Uch Sharif
356,0101000020E6100000D15790662CC45140FAF202ECA3C34040,33.52844,71.06521,HNG1333,North,HANGU
357,0101000020E6100000A7B393C1519A5140CC6262F371AD3C40,28.67752,70.41124,MNQ8327,Central B,Mianwali Qureshian
358,0101000020E610000058CA32C4B1825240D122DBF97E4A4040,32.582,74.0421,GJR6908,Central A,GUJRAT
359,0101000020E6100000A1D634EF38B7524001DB03A54F0C4040,32.09618056,74.86285,NRW9815,Central A,Narowal
360,0101000020E61000003D61890794E15140CD751A69A9E43D40,29.89321,71.52466,HWY1424,Central B,Highway
361,0101000020E61000005C77F35487B651401C25AFCE31583D40,29.34451,70.85201,KPS8625,Central B,Khair Pur Sadaat
362,0101000020E6100000B459F5B9DA4652405F29CB10C7AA3E40,30.6671,73.1071,SHW3698,Central A,SAHIWAL
363,0101000020E610000078EC67B1140252409014916115194140,34.195965,72.032513,MGW0001,North,Mardan
364,0101000020E6100000289B728577DB5140185B087250FE4040,33.98683,71.42917,PSH0037,North,PESHAWAR
365,0101000020E61000000E4FAF9465385140A301BC0512B43B40,27.7034,68.8812,SUK5999,South,SUKKUR
366,0101000020E6100000D0D556EC2F375140C442AD69DEB13B40,27.6948,68.8623,SUK0331,South,SUKKUR
367,0101000020E6100000FAEDEBC039AF514012A5BDC117F63C40,28.9613,70.7379,KBL0247,Central B,Khan Bela
368,0101000020E610000004560E2DB2E951403B53E8BCC6163E40,30.08897,71.6515,HWY0091,Central B,Highway
369,0101000020E61000007AA52C431CDF5140E25817B7D1303E40,30.1907,71.4861,MUL0499,Central B,MULTAN
370,0101000020E6100000E700C11C3DD85040685C381092053940,25.02176,67.37873,HGW5037,South,HIGHWAY
371,0101000020E6100000569FABADD8E95140124E0B5EF4254140,34.29652,71.65385,RUR1501,North,Rural
372,0101000020E61000004D327216F6025240726E13EE95194140,34.199888,72.04627,MRD0316,North,MARDAN
373,0101000020E6100000691D554D10DD5140CBB9145795C94040,33.57487,71.45412,KHT1063,North,KOHAT
374,0101000020E6100000A01A2FDD248C52409B1BD31396683F40,31.40854,74.18975,LHR9100,Central A,LAHORE
375,0101000020E61000009D465A2A6F1D52401630815B77EF4040,33.87083,72.45991,KMR0388,North,Kamra
376,0101000020E610000064FD4DC5D9B75040728D8D482D0D3940,25.05147222,66.87266667,HUB0479,South,HUB
377,0101000020E610000055C1A8A44E44524097FF907EFB8A3E40,30.5429,73.0673,RUR4991,Central A,Rural
378,0101000020E6100000B806B64AB0805240CC4065FCFB104040,32.13269,74.01076,QDS8933,Central A,Qila Dedar Singh
379,0101000020E61000002063EE5A424252409262FC0B6F783D40,29.47044444,73.0353,FQR4305,Central A,Faqirwali
380,0101000020E6100000D8648D7A88845240CC7F48BF7D6D4040,32.8554,74.07083,HWY0204,Central A,Highway
381,0101000020E61000002063EE5A42825240C9B08A37326F3F40,31.43436,74.0353,RUR1044,Central A,Rural
382,0101000020E6100000D6C56D3480175140F5B9DA8AFD653940,25.3984,68.3672,HYD0063,South,HYDERABAD
383,0101000020E610000076374F75C8BF50404F3BFC35592B3E40,30.16933,66.99661,QTA0328,South,QUETTA
384,0101000020E6100000691D554D10475240C87BD5CA84EF3D40,29.93562,73.11037,HWY4450,Central A,Highway
385,0101000020E6100000B2715004E9185140AC1C5A643B5F3940,25.372,68.38922222,HYD5336,South,HYDERABAD
386,0101000020E61000005DFE43FAEDDB5140BF0E9C33A2343E40,30.2056,71.4364,MUL0843,Central B,MULTAN
387,0101000020E61000002DB29DEFA726524098FA795391724140,34.89506,72.604,RUR3104,North,Rural
388,0101000020E6100000273108AC1CE65040CC7F48BF7DBD3840,24.7402,67.5955,HGW0420,South,HIGHWAY
389,0101000020E610000073D712F2413752404F401361C3333D40,29.2022,72.8634,FAB4236,Central A,Fort Abbas
634,0101000020E6100000226C787AA5AA5040FE0E45813EB93E40,30.72361,66.66635,QBD6729,South,Qila Abdullah
391,0101000020E61000003C66A032FE2D5240E99AC937DBE43E40,30.89397,72.71864,RUR4967,Central B,Rural
392,0101000020E61000008121AB5B3D17514079060DFD13243B40,27.14093,68.36312,HGW0366,South,HIGHWAY
393,0101000020E61000000118CFA0A1E75040713D0AD7A3403840,24.2525,67.61924,KYB5713,South,Kaytee Bandar
394,0101000020E6100000DB6D179AEBE251408577B988EF5C4040,32.72606,71.54563,RUR4803,North,Rural
395,0101000020E610000067EDB60BCD475240287E8CB96B9D4040,33.22985,73.12189,DLT1450,North,DAULTALA
396,0101000020E61000002D431CEBE25E5240A60A4625754A4040,32.5817,73.4826,MBN9682,Central A,Mandi Bahuddin
397,0101000020E6100000E010AAD4EC2B524093C6681D55253F40,31.14583,72.68633,GOJ4074,Central B,Gojra
398,0101000020E6100000F3716DA818415240CE1951DA1B404140,34.50085,73.01713,UGI1932,North,Uggi
399,0101000020E6100000C364AA60542A5140DE718A8EE4C23940,25.7613,68.6614,ADM5212,South,Tando Adam
400,0101000020E61000008F537424970B5240FBCBEEC9C3623E40,30.3858,72.1811,HWY0442,Central B,Highway
401,0101000020E61000004CCD5813CFCC504028B4CD09B1DE3840,24.86988889,67.20013889,KHI0657,South,Karachi
402,0101000020E6100000B79C4B7155BF51407D96E7C1DD513F40,31.31979,70.98959,HWY4670,Central B,Highway
403,0101000020E6100000B37BF2B050175140AED85F764FDE3A40,26.8684,68.3643,PAK0941,South,Pakka Chang
404,0101000020E6100000B1C403CAA6045140A5DAA7E3319B3840,24.60623,68.07268,TTA6887,South,THATTA
405,0101000020E6100000D50968226C945240C286A757CA923F40,31.5734,74.3191,LHR1871,Central A,LAHORE
406,0101000020E6100000EF8FF7AA95E751408D28ED0DBE883D40,29.53415,71.61851,LDH4051,Central B,Lodhran
407,0101000020E6100000ECFA05BB6129524047E6913F18804040,33.00074,72.64659,HWY3590,North,Highway
408,0101000020E6100000CD3B4ED191985240B1BFEC9E3C0C3F40,31.0478,74.3839,RUR3518,Central A,Rural
409,0101000020E610000014AE47E17A985240C74B378941903F40,31.5635,74.3825,LHR0609,Central A,LAHORE
410,0101000020E610000021E527D53E8D5240DEE522BE13074040,32.05529,74.20696,HWY9737,Central A,Highway
411,0101000020E6100000B98D06F016445240E8D9ACFA5C2D3E40,30.1772,73.0639,QAB3658,Central A,Qaboola
412,0101000020E6100000D82AC1E2704451409487855AD3CC3940,25.8001,69.06939,MTP5292,South,Mithar Pir
413,0101000020E6100000E4141DC9E54B5140F853E3A59B343940,25.2055,69.1859,DIG6262,South,Digri
414,0101000020E610000043213CB96AF15040B22870DB8CB93A40,26.72480556,67.77213889,DDU5076,South,Dadu
415,0101000020E61000000096CFD16EF351409E97697F900D4040,32.10597222,71.80363889,ADK4595,North,Aadhi Kot
416,0101000020E6100000315F5E807D70524009F9A067B3EE4040,33.86485,73.75766,RWK3835,North,RAWALAKOT
417,0101000020E61000000EF3E505D835524082C98D226B993D40,29.599291,72.84131,DWL8643,Central A,Dahranwala
418,0101000020E6100000556AF6402B9251405DC47762D66B3C40,28.42124,70.28389,RYK0400,Central B,Rahim Yar Khan
419,0101000020E61000009981CAF8F74D524000AE64C746A04140,35.25216,73.21826,DSU1383,North,Dasu
420,0101000020E6100000B6A1629CBF33524055FB743C66D03E40,30.81406,72.80857,RUR3752,Central B,Rural
421,0101000020E6100000B7627FD93DED51404E62105839643D40,29.3915,71.7069,BHP0399,Central B,BAHAWALPUR
422,0101000020E6100000B6F3FDD478BF5040B1A206D330343E40,30.20387,66.99175,QTA5277,South,QUETTA
423,0101000020E6100000952BBCCB451252400F7F4DD6A8FF4040,33.99734,72.28551,RUR1429,North,Rural
424,0101000020E610000012312592E8A95140D9942BBCCBB53E40,30.71014,70.65482,TSA4310,Central B,Taunsa
425,0101000020E61000005B99F04BFDC25040271422E010D23840,24.82057,67.04671,KHI0446,South,Karachi
426,0101000020E6100000603C8386FE1D5240A4C7EF6DFA774140,34.93733,72.46866,HWY2848,North,Highway
427,0101000020E610000091191CE312F750407D0CF371AF693A40,26.41283333,67.86052778,SEH5084,South,Sehwan
428,0101000020E6100000EB3FC637AF8952407E173A9FCF423F40,31.26098056,74.15131945,RUR9914,Central A,Rural
429,0101000020E61000005BD3BCE3141D5240912749D74CA24040,33.26797,72.4544,KOR3709,North,KHOR
430,0101000020E610000021020EA14A5952406B82A8FB00F44040,33.90628,73.39518,MRE1045,North,MURREE
431,0101000020E6100000F9A067B3EACB5140A1F831E6AE153E40,30.0847,71.1862,MGH0424,Central B,MUZAFARGARH
432,0101000020E6100000A01518B2BA4D52405969520ABA9D3F40,31.61612,73.21452,HWY2729,Central B,Highway
433,0101000020E6100000FE7DC68503195240ED815660C8B23E40,30.69837,72.39084,RUR8587,Central B,Rural
434,0101000020E61000002506819543DB5140D7A3703D0AD73F40,31.84,71.426,RUR4925,Central B,Rural
435,0101000020E6100000912C6002B7F451404D2D5BEB8B0C3E40,30.04901,71.82367,JHN0169,Central B,Jahanian
436,0101000020E6100000DFA63FFB911E524043C5387F13FA3E40,30.97686,72.47766,TOB3703,Central B,Toba
437,0101000020E6100000C08C10BB028E5240E8A36BAA17983F40,31.59411111,74.21891667,HWY4643,Central A,Highway
438,0101000020E6100000906AB7E1A01952408E139127EA334040,32.40558333,72.40044444,RUR4709,North,Rural
439,0101000020E61000008FEE94CC39C250401EDD299973D43840,24.82988889,67.03477778,KHI0283,South,Karachi
440,0101000020E610000017821C9430F3514033FE7DC685C33E40,30.76376,71.79984,HWY7996,Central B,Highway
441,0101000020E61000006688635DDC0252402B1895D409B83D40,29.7189,72.0447,KMZ4439,Central B,Kot Muzaffar
442,0101000020E61000002332ACE28D3C524088635DDC46FF4040,33.99435,72.94616,HRR1411,North,Haripur
443,0101000020E6100000EFACDD76A11752403D61890794194140,34.19983,72.36923,HWY1934,North,Highway
444,0101000020E6100000F12A8CA9CB5F5240D6FBAE84C5243F40,31.14363889,73.49680556,SYW4836,Central A,SyedWala
445,0101000020E6100000AE47E17A147E5240849ECDAACFB53F40,31.7102,73.97,SHK0819,Central A,SHEIKHUPURA
446,0101000020E61000003480B740824E51406B2BF697DD433C40,28.2651,69.2267,KDK0895,South,KANDKOT
447,0101000020E6100000FB5C6DC5FED251407CED992501A24040,33.26566,71.2968,HWY3560,North,Highway
448,0101000020E610000049BA66F2CD48524065C746205E4B4140,34.58881,73.13757,BTL3439,North,Battal
635,0101000020E61000001EB18AF595C350404566708C4BF43840,24.95427778,67.05602778,KHI0746,South,Karachi
450,0101000020E610000055FB743C66585240CEC7B5A162EC3F40,31.92338,73.38124,HWY9394,Central A,Highway
451,0101000020E610000018213CDA384E524076711B0DE0B94040,33.45215,73.22222,HWY1197,North,Highway
452,0101000020E61000009B559FABAD2C52408D976E1283084040,32.0665,72.6981,SGD0396,Central B,SARGODHA
453,0101000020E610000008AC1C5A645F52403480B74082923F40,31.5723,73.4905,SHT3330,Central B,Shahkot
454,0101000020E6100000126C5CFFAE0F514064247B849A0D3940,25.053139,68.245056,HGW5678,South,HIGHWAY
455,0101000020E6100000C85EEFFE7823514008556AF640333A40,26.20021,68.55426,SPC6371,South,Shahpur Chakar
456,0101000020E6100000D50968226CBC514039454772F9EF3C40,28.9374,70.9441,LPR0438,Central B,Liaqatpur
457,0101000020E61000002E1C08C902425140A3586E69357C3B40,27.48519,69.03142,SPT6737,South,Saleh pat
458,0101000020E61000009D8026C28693524068B3EA73B5653F40,31.3973,74.3051,LHR3760,Central A,LAHORE
459,0101000020E61000009DF4BEF1B5A95140DD989EB0C4E33D40,29.88972,70.65173,KCT7392,Central B,Kot Chutta
460,0101000020E6100000ABCFD556ECC35040696FF085C9E43840,24.8937,67.0613,DTE0004,South,Karachi
461,0101000020E61000008C4AEA0434555240D6C56D3480BF3E40,30.74805,73.3313,OKC7388,Central A,Okara Cantt
462,0101000020E6100000E2E995B20C5F524006F52D73BA743E40,30.45597,73.48515,HWY1352,Central A,Highway
463,0101000020E61000006DC5FEB27BBE5140D7DD3CD521F73E40,30.96536,70.9763,LYA0883,Central B,Layyah
464,0101000020E610000055C1A8A44E885240545227A089384040,32.4417,74.1298,WZB0817,Central A,Wazirabad
465,0101000020E61000008048BF7D1D085240DCD7817346843D40,29.5167,72.1268,HWY4678,Central A,Highway
466,0101000020E6100000CF4E0647C9C15140CE88D2DEE0A33D40,29.64015,71.02791,RUR2255,Central B,Rural
467,0101000020E61000009D4B7155D963524027A089B0E1293E40,30.1636,73.56014,MIN7315,Central A,Minchinabad
468,0101000020E6100000CB10C7BAB8D15140E63FA4DFBE564040,32.6777,71.2769,ISA4242,North,Isa Khel
469,0101000020E6100000BB270F0BB5745240F38E537424BF3E40,30.74665,73.82355,HUJ4069,Central A,Hujra Shah Muqeem
636,0101000020E6100000CB49076F38C45040BB7C4EEE35F73840,24.96566667,67.06594444,KHI0046,South,Karachi
470,0101000020E6100000E0D6DD3CD5AF514069C6A2E9EC304040,32.38223,70.74739,HWY1182,North,Highway
471,0101000020E61000007E6FD39FFDF4504086C954C1A82C3B40,27.17445,67.82798,MHE6542,South,Mehar
472,0101000020E6100000E1D1C6116B935140BE30992A18FD3D40,29.98865,70.30341,SKS8627,Central B,SAKHI SARWAR
473,0101000020E610000068E89FE062FF51400DE02D90A0083F40,31.0337,71.99041,HSB8607,Central B,Haso Biala
474,0101000020E61000009B5AB6D617CF5140DFE00B93A9923E40,30.5729,71.23583,HWY0882,Central B,Highway
475,0101000020E6100000753BDABC9A02514002B6074A9F2C3C40,28.17430556,68.04069444,UMD5723,South,Usta Mohammad
476,0101000020E6100000B689CDA6E7C25040EC84FA0A90DB3840,24.85766667,67.04538889,KHI0125,South,Karachi
637,0101000020E6100000B493C151F2D05040F415A4198BD63840,24.83806,67.26479,KHI5900,South,Karachi
478,0101000020E61000003F8C101E6DE85140766C04E2754D4040,32.60516,71.63166,HWY3915,North,Highway
479,0101000020E6100000AB3E575BB103524008AC1C5A640B3E40,30.0445,72.0577,HWY3748,Central B,Highway
480,0101000020E610000037894160E51C5140D482177D05993940,25.59774,68.4515,MRI7070,South,Matiari
481,0101000020E6100000D690B8C7D2EF5140105D50DF321F3D40,29.12187,71.74724,YZM8989,Central B,Yazman
482,0101000020E61000006D1CB1169F925240C6C4E6E3DAA03F40,31.62834,74.29096,SHD8108,Central A,Shahdara
483,0101000020E61000006F47382D78BD51406ABC749318EC3D40,29.92225,70.96046,RUR4247,Central B,Rural
484,0101000020E6100000DAACFA5C6D315240A3409FC893E43F40,31.89288,72.7723,HWY3449,Central B,Highway
485,0101000020E6100000331B649291835140A987687407D13C40,28.81652,70.05576,HWY4636,Central B,Highway
486,0101000020E6100000E38DCC237F42524031992A18956C3E40,30.42415,73.03901,HWY1664,Central A,Highway
487,0101000020E610000063B9A5D59056524068B3EA73B51D4140,34.2321,73.35259,RUR0304,North,Rural
488,0101000020E6100000D656EC2FBB8F5240878A71FE26DC3F40,31.85997,74.2458,HWY5921,Central A,Highway
489,0101000020E6100000522CB7B41A0C5240183E22A644264040,32.29897,72.18913,HDL4917,North,Hadali
490,0101000020E61000000E2DB29DEF575240F31FD26F5F074040,32.0576,73.374,JPB4945,Central A,Jalalpur Bhattian
491,0101000020E6100000D2FBC6D79ECD5040930035B56CFD3840,24.98994,67.21282,KHI6004,South,Karachi
492,0101000020E61000005839B4C876B8504063B48EAA26903E40,30.56309,66.88225,HGW6278,South,HIGHWAY
493,0101000020E6100000772D211FF4545240F90FE9B7AFF33E40,30.9519,73.3274,HWY3685,Central A,Highway
494,0101000020E6100000815A0C1EA66E5240F96A47718E1E3F40,31.119361,73.728889,RUR3560,Central A,Rural
495,0101000020E6100000A857CA32C42D5240B1E1E995B2BC3D40,29.7371,72.7151,HWY4417,Central A,Highway
496,0101000020E61000000B630B410EBE51400A80F10C1A723E40,30.44571,70.96962,KAU3214,Central B,Kot Addu
497,0101000020E61000005E68AED3484352404B598638D6553F40,31.3353,73.05132,HWY2617,Central B,Highway
498,0101000020E6100000006F8104C5FB5040F59CF4BEF12D3D40,29.17947,67.9339,HGW7041,South,HIGHWAY
499,0101000020E610000064062AE3DFB95140BEA4315A47DD3F40,31.86437,70.90429,DIK1499,North,DI KHAN
500,0101000020E6100000742497FF904651405F984C158CDA3B40,27.8537,69.1026,PAQ0373,South,Pannu Aqil
501,0101000020E6100000F4E0EEACDD6652408B54185B08E23E40,30.88294,73.60728,RLA6930,Central A,Renala Khurd
502,0101000020E61000009C8A54185B12524090831266DAD63F40,31.83927,72.28681,HWY7204,Central B,Highway
503,0101000020E6100000E700C11C3D905140C5FEB27BF2583C40,28.34745,70.25373,DAG8446,Central B,Dagha
504,0101000020E6100000376C5B94D92C5140EFACDD76A1D93B40,27.85012,68.70078,LAK6209,South,Lakhi
505,0101000020E6100000809A5AB6D6E55140BA83D89942634140,34.77547,71.59123,BJR2107,North,Bajaur Agency
506,0101000020E61000003ECBF3E0EEC651400A68226C78CA3F40,31.7909,71.10833,DRK7816,Central B,Darya Khan
507,0101000020E6100000A25D85949F88524037894160E5E83E40,30.90975,74.13474,HWY8872,Central A,Highway
508,0101000020E6100000E23B31EBC524524034BF9A03042B4040,32.33606,72.57458,HWY8582,Central B,Highway
509,0101000020E6100000D61C2098A39D52406688635DDC164040,32.1786,74.46311,STR5975,Central A,Satrah
510,0101000020E61000001BD82AC1E20651408542041C424D3A40,26.30179,68.10759,QAH6279,South,QAZI AHMED
511,0101000020E61000002AE3DF675C185140FF3EE3C281F83940,25.97073,68.38064,HGW0372,South,HIGHWAY
512,0101000020E6100000E6913F187834524074D2FBC6D7E64040,33.80346,72.81983,HWY0661,North,Highway
513,0101000020E61000001FA2D11DC44252402C9FE579704B4040,32.58937,73.04322,PDK1522,North,PIND DADAN KHAN
514,0101000020E610000065C22FF5F31A524050DF32A7CB123E40,30.07342,72.42114,HWY1257,Central B,Highway
515,0101000020E6100000A4880CAB78075140912749D74C5E3B40,27.36836,68.11674,DOK6187,South,Dokri
516,0101000020E610000083C0CAA145145140AED3484BE5753A40,26.46053,68.31675,DOR7779,South,Daur
638,0101000020E61000002F35634D3CC1504054B063AFB9E03840,24.87783333,67.01930556,KHI0032,South,Karachi
518,0101000020E6100000F54A5986387E524011C7BAB88DF63F40,31.9631,73.9722,NVK4973,Central A,Noshera Virkan
519,0101000020E6100000B003E78C28855240F2D24D6210484040,32.563,74.0806,GJR0054,Central A,Gujrat
520,0101000020E6100000F54A598638465240D95F764F1EA63E40,30.6489,73.0972,SHW4288,Central A,SAHIWAL
521,0101000020E610000094FB1D8A02DB514087A757CA321C3E40,30.11015,71.42203,MUL7158,Central B,Multan
522,0101000020E6100000EB73B515FB3F52409FCDAACFD5363F40,31.2142,72.9997,HWY3701,Central B,Highway
523,0101000020E61000006FE6E31CED8E5240CD748E85116F3F40,31.43386111,74.23322222,LHR3857,Central A,Lahore
524,0101000020E61000006688635DDC3452400DFD135CAC583F40,31.34638,72.82595,RUR3308,Central B,Rural
525,0101000020E6100000FB7953910A335140696FF085C9543940,25.3312,68.79752,CHM6448,South,Chambar
526,0101000020E61000003EB324404D755240016A6AD95ABF3F40,31.74748,73.83284,FRQ9983,Central A,Farooqabad
527,0101000020E6100000E4141DC9E5935240E02D90A0F8913F40,31.5702,74.3109,LHR3003,Central A,LAHORE
528,0101000020E6100000A888BAACD58752404566708C4BC43E40,30.76677778,74.12241667,KGP4985,Central A,Kanganpur
529,0101000020E610000084D89942E7B952401C9947FE602C4040,32.34671,74.90474,RUR6968,Central A,Rural
530,0101000020E6100000910F7A36AB46524039454772F9AF3E40,30.6874,73.1042,SHW0845,Central A,SAHIWAL
531,0101000020E610000090882991446B5240865AD3BCE36C4040,32.8507,73.67606,KDH1982,North,KHADRIALA
639,0101000020E61000001CEBE2361AD650407FFB3A70CEC83840,24.7844,67.34535,KHI5098,South,Karachi
533,0101000020E61000002FDD2406815952407407B13385924040,33.14469,73.3985,SHW0405,North,SAHIWAL
534,0101000020E61000005A47551344DD5140C5E6E3DA50F54040,33.91653,71.45728,KHB1656,North,Khyber Agency
535,0101000020E610000006BB61DBA20052401D7233DC800B4140,34.08987,72.00994,RSP3839,North,RISALPUR
536,0101000020E6100000E5ED08A705BF5040C7681D554D283E40,30.15743,66.98472,QTA6026,South,QUETTA
537,0101000020E6100000622D3E05C0565240C095ECD8083C4140,34.46902,73.35547,HWY3636,North,Highway
538,0101000020E6100000AFEB17EC868D524052B81E85EB514040,32.64,74.21136,JPJ6301,Central A,Jalalpur Jattan
539,0101000020E6100000D044D8F0F4965240742497FF907E3F40,31.4944,74.3587,LHR0551,Central A,LAHORE
540,0101000020E610000052499D8026AA51404D840D4FAFA43C40,28.6433,70.6586,KPR0251,Central B,KhanPur
541,0101000020E61000005EBA490C02EB5140FDF675E09C613D40,29.3813,71.672,BHP7160,Central B,BAHAWALPUR
542,0101000020E61000005F24B4E55C1851403EAE0D15E35C3940,25.36284,68.38067,MGW-HYD,South,Hyderabad
543,0101000020E610000043C6A354C28A52401904560E2D623F40,31.3835,74.168111,LHR4381,Central A,Lahore
544,0101000020E6100000C763062AE377524049809A5AB6B64040,33.42744,73.87324,KTR0453,North,KotliRural
545,0101000020E6100000BCE82B4833CA5140D4484BE5ED583D40,29.34738,71.15938,RUR1360,Central B,Rural
546,0101000020E610000097ADF54542815240841266DAFEB53F40,31.71092,74.01967,HWY9673,Central A,Highway
547,0101000020E610000040D9942BBC3151404D486B0C3A3D3C40,28.239167,68.77711,THL5824,South,Thull
548,0101000020E6100000E17A14AE47D95140FED478E926213E40,30.1295,71.395,MUL0715,Central B,Multan
549,0101000020E61000009E29745E63365240E9EDCF4543764040,32.923928,72.849815,CWA3458,North,CHAKWAL
550,0101000020E6100000C685032159DC514018213CDA38224040,32.26736,71.44294,DUB8040,Central B,DUB
551,0101000020E610000090DAC4C9FD1652401956F146E6614140,34.76484,72.35924,MGO1035,North,Mingora
552,0101000020E6100000BC067DE9ED98524050E09D7C7A2C4040,32.347488,74.389521,HWY0367,Central A,Highway
553,0101000020E6100000AB7498ABF66252408D976E1283603E40,30.377,73.54630556,RUR4521,Central A,Rural
554,0101000020E61000007DAEB6627FD5504042CF66D5E7DA3840,24.8551,67.3359,KHI8039,South,Karachi
555,0101000020E61000006CB2463D44E15140FD82DDB06D513E40,30.31808,71.51979,LTF4713,Central B,Lutfabad
556,0101000020E6100000BA6B09F9A02B524044696FF085293E40,30.1622,72.6817,BRW3890,Central B,BUREWALA
557,0101000020E6100000F7E461A1D6705140D1915CFE43CA3840,24.7901,69.7631,MTI0542,South,Mithi
558,0101000020E6100000F89174304F6C52401D8DA627EA973F40,31.59341667,73.69233333,MAN4488,Central A,Manawala
559,0101000020E610000022A64412BD14524052616C21C8F14040,33.88892,72.32404,HWY1432,North,Highway
560,0101000020E610000045D8F0F44A915240BA6B09F9A0B73F40,31.7173,74.2702,HWY3496,Central A,Highway
561,0101000020E6100000B003E78C28995240448B6CE7FB793F40,31.4765,74.3931,LHR0042,Central A,Lahore
562,0101000020E61000006B65C22FF5955240FE0E45813E3D4040,32.47847,74.34309,SMB8086,Central A,sambrial
563,0101000020E61000004FAF946588315240DE02098A1FDF4040,33.74315,72.77395,TXA1943,North,TAXILA
564,0101000020E61000004C37894160E15140B4C876BE9F2A3E40,30.1665,71.5215,MUL7219,Central B,MULTAN
565,0101000020E610000062DBA2CC063B5140BBB88D06F0FE3A40,26.99585,68.92229,HGW5192,South,Sawan
566,0101000020E610000059C0046EDDAF5140736891ED7C7F3F40,31.498,70.74789,HWY3032,North,Highway
567,0101000020E610000015E3FC4D283A5240977329AE2AD34040,33.64974,72.90871,ISB0031,North,ISLAMABAD
568,0101000020E6100000D200DE0209225140E7E3DA5031A63840,24.64919,68.5318,GLR6721,South,Golarchi
569,0101000020E6100000E96514CB2D7B52404EB9C2BB5CA43F40,31.64204,73.92467,HWY9957,Central A,Highway
570,0101000020E61000003DA0A675DF905140E2AD569A52893C40,28.53641667,70.26363889,RUR4502,Central B,Rural
571,0101000020E610000073E5C31E208352406C845527AD474040,32.55997173,74.04883546,GJR0737,Central A,Gujrat
572,0101000020E6100000DFC325C79DD251409AEB34D252213D40,29.13017,71.29088,RUR0728,Central B,Rural
573,0101000020E6100000F2D24D6210E65140BDFBE3BD6A094140,34.07357,71.59475,RUR3867,North,Rural
574,0101000020E6100000EE4108C8974752409432A9A10DBC3E40,30.734583,73.118639,BHS8458,Central A,BahadarShah
575,0101000020E610000019E76F4221F051408FE4F21FD2134140,34.15485,71.75203,CHD1094,North,Charsadda
576,0101000020E6100000DE9387855AD75140518369183EFE4040,33.98627,71.3649,KHB2461,North,Khyber Agency
577,0101000020E610000050B93612F02B52401025F7C7BD0E3E40,30.05758333,72.68652778,RUR4568,Central B,Rural
578,0101000020E6100000B7627FD93D6F514098C0ADBB792A3C40,28.16592,69.73815,UBO0376,South,Ubaro
579,0101000020E6100000176536C824255240DBC4C9FD0E094140,34.07077,72.58037,KTH2248,North,Kotah
580,0101000020E6100000F870C971A7A251405917B7D100CE3C40,28.8047,70.54147,RUR7729,Central B,Rural
581,0101000020E6100000C4E21EE8B4BD5040F182CAF086EB3840,24.92002778,66.96416667,KHI0428,South,Karachi
582,0101000020E6100000E5B8533A58FD5140FFB27BF2B0503E40,30.3152,71.95851,HWY7459,Central B,Highway
583,0101000020E6100000573ECBF3E00C51406AC18BBE82FC3A40,26.98637,68.20123,KDR6269,South,Kandiaro
584,0101000020E610000076A6D0798DBD5040C3D32B6519423E40,30.2582,66.96176,QTA5070,South,QUETTA
585,0101000020E6100000CC7F48BF7D915240715AF0A2AF683F40,31.40893,74.2733,LHR0828,Central A,Lahore
586,0101000020E61000006688635DDCDE5140CC7F48BF7D3D3E40,30.2402,71.4822,MUL2877,Central B,MULTAN
587,0101000020E6100000FF21FDF675185140EE5A423EE8693940,25.4137,68.3822,HYD0792,South,HYDERABAD
588,0101000020E61000000D8E9257E72C5240B8921D1B81283E40,30.15822,72.70162,BRW8368,Central B,BUREWALA
590,0101000020E61000008638D6C56D94524039D6C56D34903F40,31.5633,74.3192,LHR3771,Central A,LAHORE
591,0101000020E6100000F241CF66D59B52406744696FF0953F40,31.5857,74.4349,LHR4174,Central A,LAHORE
592,0101000020E61000009E29745E63FF5140CA4FAA7D3A8E4140,35.11116,71.99044,DRA2064,North,Darora
593,0101000020E6100000A488B1F1059951403D9CC0745A1A4040,32.2058855,70.3909878,TNK1258,North,TANK
594,0101000020E610000052B81E85EB9D5140E8C1DD59BB1D4040,32.23228,70.4675,PRW2928,North,Pirwana
595,0101000020E6100000EBC5504EB4EF5140481B47ACC5B74140,35.43572,71.74538,HWY3504,North,Highway
596,0101000020E6100000478FDFDBF429524053B3075A81014140,34.01176,72.65557,TRB1595,North,TARBELA
597,0101000020E610000036C82423678952402BF697DD93274040,32.3092,74.14692,GHK6955,Central A,Gakhar Mandi
598,0101000020E610000053E8BCC62ED95140FE0E45813E594140,34.69722,71.39348,BJR1772,North,Bajaur Agency
599,0101000020E6100000143FC6DCB524524065AA605452FB4040,33.96345,72.5736,HWY1133,North,Highway
600,0101000020E61000000135B56CAD395240132C0E677E214040,32.26167,72.90121,BWL7602,Central B,Bhalwal
601,0101000020E6100000959F54FB74F451404182E2C798774140,34.93435,71.81964,KMD2240,North,kumbarMedanDir
602,0101000020E6100000CB9C2E8B891D5240355EBA490CFA4040,33.9535,72.46152,AZH1223,North,ADALZAI HAROON
603,0101000020E61000000490DAC4C9D55140AA436E861B344140,34.40709,71.34044,MMD3152,North,Mehmand Agency
604,0101000020E6100000417DCB9C2EEB514031B610E4A06C4140,34.84866,71.67472,MDD2537,North,MundaDir
605,0101000020E6100000BC96900F7AE45140F758FAD005654140,34.78924,71.56995,BJR1774,North,Bajaur Agency
606,0101000020E6100000AF5A99F04B5B524000AE64C746B44040,33.40841,73.42651,RUR0415,North,Rural
607,0101000020E61000009F02603C83B05140E1D1C6116B6D4040,32.85483,70.75801,NRG2423,North,Sarai Naurang
608,0101000020E61000005C72DC291D0C52407B6B60AB04134140,34.14858,72.18928,RUR2039,North,Rural
609,0101000020E610000078B988EFC45A5240F2CD3637A6AF4040,33.37226,73.41827,BIL1742,North,Baiwal
610,0101000020E6100000FFE7305F5E02524024D1CB28967F4140,34.99677,72.03701,WRI2138,North,Warai
611,0101000020E61000002FFA0AD28CA75140185B0872507E4040,32.98683,70.61797,BNU1939,North,BANNU
612,0101000020E6100000FC7D522F700D5140E147D2C13C913B40,27.56733333,68.20997222,LKN5741,South,Larkana
613,0101000020E610000062105839B49C5240CC5D4BC8071D3F40,31.1134,74.4485,KSR0578,Central A,Kasur
614,0101000020E610000062156F641E87514093A9825149F14040,33.88505,70.11123,KRM1661,North,Kurram Agency
615,0101000020E610000035EF3845478A5240FF21FDF675204040,32.2536,74.1606,GUJ0278,Central A,Gujranwala
616,0101000020E6100000AE122C0E673A524061C3D32B653D4040,32.47965,72.91254,BHE2425,Central B,Bhera
617,0101000020E61000006AC18BBE82EC51402A52616C21F44040,33.90727,71.69548,RUR0438,North,Rural
618,0101000020E610000043B70B8BD9705240DEA02896FC3A4040,32.46083333,73.76327778,RUR4320,Central A,Rural
619,0101000020E61000004390831266CC51406F2F698CD6094140,34.07686,71.19373,KHB1653,North,Khyber Agency
620,0101000020E6100000040473F4F8F15140906B43C538EB4140,35.83767,71.78082,CHT3469,North,Chitral
621,0101000020E6100000350708E6E8075240C746205ED7FF4040,33.99876,72.12359,AKK1529,North,AKHORA KHATTAK
622,0101000020E61000001348895DDB165140A8C64B3789613C40,28.381,68.357139,DAL5904,South,DERA ALLAYAR
623,0101000020E61000001A170E84648B5140C139234A7BB33840,24.7011,70.17801,IKT6434,South,Islamkot
624,0101000020E61000001DC49469706052404706776F5EDD3F40,31.86472222,73.50686111,SKK4727,Central A,Sukheki
625,0101000020E61000004F75C8CD70DD51409C16BCE82B604140,34.75134,71.46001,BJR1773,North,Bajaur Agency
116,0101000020E6100000363CBD52965D52404FAF946588FB4040,33.9651,73.4623,BHB3875,North,Bhurban
22,0101000020E6100000736891ED7C435240E4141DC9E56F3F40,31.4371,73.0545,FSD0113,Central B,Faisalabad
40,0101000020E610000066666666664452407BDAE1AFC9823F40,31.51089,73.06875,FSD0764,Central B,Faisalabad
176,0101000020E61000009AB67F65A54552409031772D216F3F40,31.4341,73.08822,FSD3281,Central B,Faisalabad
227,0101000020E6100000865AD3BCE346524062BEBC00FB703F40,31.44133,73.10765,FSD0302,Central B,Faisalabad
247,0101000020E6100000D942908312485240C9022670EB7E3F40,31.49578,73.12613,FSD2031,Central B,Faisalabad
390,0101000020E61000003108AC1C5A445240083D9B559F6B3F40,31.4204,73.068,FSD0414,Central B,Faisalabad
449,0101000020E6100000F792C6681D49524065C746205E673F40,31.40378,73.14242,FSD0718,Central B,Faisalabad
477,0101000020E6100000A69BC420B0465240D9CEF753E3653F40,31.398,73.1045,FSD0763,Central B,Faisalabad
517,0101000020E6100000DDCD531D724752406B82A8FB00743F40,31.45314,73.11634,FSD0844,Central B,Faisalabad
532,0101000020E610000009FEB7921D45524008C90226707B3F40,31.48218,73.07993,FSD7764,Central B,Faisalabad
589,0101000020E61000002B8716D9CE435240B003E78C286D3F40,31.4264,73.0595,FSD0314,Central B,Faisalabad
640,0101000020E61000006AFB57569AFA51402098A3C7EF6D4140,34.85888,71.91567,TMG0169,North,Timargirah
641,0101000020E6100000F931E6AE25C85040840D4FAF94053940,25.0218,67.1273,HGW0855,South,Highway
642,0101000020E610000069006F81049D52404C378941603D4040,32.4795,74.4534,RUR3411,Central A,Sialkot
643,0101000020E61000006DE7FBA9F18E5240840D4FAF94653F40,31.3968,74.2335,LHR3054,Central A,Lahore
644,0101000020E610000064E94317D41D52401BBB44F5D6404140,34.50656,72.46607,DGA2475,North,Dagar
645,0101000020E6100000CBF8F719171052404356B77A4E2A4140,34.33052,72.25141,RTM1637,North,Rustam
646,0101000020E6100000A306D3307C4252408C15359886D14040,33.63692,73.03883,RWP4983,North,Rawalpindi
647,0101000020E6100000B046C9ED0FBA504094C0C50E53DF3840,24.87236111,66.90722222,KHI0659,South,Karachi
648,0101000020E610000089AB901362C55040AED261AEDAD33840,24.82755556,67.08411111,KHI0462,South,Karachi
649,0101000020E61000001283C0CAA1CB50403A5C8A2F03DA3840,24.85161111,67.18175,KHI5019,South,Karachi
650,0101000020E6100000F4E0EEACDDCA5040DF1AD82AC1D23840,24.82326,67.16978,KHI6502,South,Karachi
651,0101000020E6100000C3F5285C8FBE50401D0226F423D23840,24.82086111,66.9775,KHI0445,South,Karachi
652,0101000020E610000007BF26CE3EC45040ABCCD6F2B1F23840,24.94802778,67.06633333,KHI0603,South,Karachi
653,0101000020E610000062D2C6AE00C55040230E3C6B75F43840,24.95491667,67.07816667,KHI0086,South,Karachi
654,0101000020E61000002ADF54208AC150405C8FC2F528EC3840,24.9225,67.02405556,KHI0241,South,Karachi
655,0101000020E6100000787FBC57ADC05040F0164850FCE83840,24.9101,67.01058,KHI8640,South,Karachi
656,0101000020E6100000B420B5055BC4504011CDB88002F93840,24.97269444,67.06805556,KHI0527,South,Karachi
657,0101000020E610000010B077FB83C4504097C650CA7B083940,25.03313889,67.07055556,KHI5394,South,Karachi
658,0101000020E6100000C7F3F84186C45040E1D252F502E73840,24.90238889,67.07069444,KHI0214,South,Karachi
659,0101000020E610000037B5E003C3C5504072F3112143ED3840,24.92680556,67.09002778,KHI0601,South,Karachi
660,0101000020E6100000D97C5C1B2AC05040D656EC2FBBE73840,24.9052,67.00257,KHI5207,South,Karachi
661,0101000020E6100000086E8BCFB0BF5040D07A19413AD83840,24.84463889,66.99516667,KHI0136,South,Karachi
662,0101000020E61000007B7EDE7572CD5040EF74845F2CD93840,24.84833333,67.21011111,KHI0044,South,Karachi
663,0101000020E6100000E7357689EABF504021E527D53EDD3840,24.86424,66.99869,KHI0865,South,Karachi
664,0101000020E61000000E4FAF94659C524044A852B307223F40,31.13293,74.4437,KSR9804,Central A,Kasur
665,0101000020E610000047A3E989FAC3504015894B86CACE3840,24.80777778,67.06216667,KHI0177,South,Karachi
666,0101000020E6100000C94A1FFC3CC45040522D9E5125FC3840,24.98494444,67.06622222,KHI0575,South,Karachi
667,0101000020E610000092B3B0A71DE0514078EE3D5C72004140,34.00349,71.50181,PSH7135,North,Peshawar
668,0101000020E6100000249C16BCE8DF5140876D8B321B004140,34.00083,71.49858,PSH0017,North,Peshawar
669,0101000020E6100000289B728577DB5140185B087250FE4040,33.98683,71.42917,PSH0037,North,Peshawar
670,0101000020E6100000D5B2B5BE48C45040378E588B4FC93840,24.78637,67.06694,KHI0286,South,Karachi
671,0101000020E61000001C7C6132559052407B832F4CA67A3F40,31.4791,74.2552,LHR0502,Central A,Lahore
672,0101000020E6100000C4E21EE8B4BD5040F182CAF086EB3840,24.92002778,66.96416667,KHI0428,South,Karachi
673,0101000020E6100000AF94658863C15040E25817B7D1D03840,24.8157,67.0217,KHI0538,South,Karachi
674,0101000020E61000005E4BC8073DDD51405B423EE8D9FC4040,33.9754,71.45685,PSH3795,North,Peshawar
675,0101000020E6100000D9CEF753E3915240D235936FB6813F40,31.50669,74.2795,LHR0600,Central A,Lahore
676,0101000020E61000002CD49AE61D93524075B0FECF61963F40,31.58743,74.2987,LHR3053,Central A,Lahore
677,0101000020E6100000FC523F6F2AE45140E25817B7D1FC4040,33.97515,71.56509,PSH0319,North,Peshawar
678,0101000020E6100000F302ECA353E55140F5B9DA8AFD014140,34.01555,71.58323,PSH0014,North,Peshawar
679,0101000020E610000036321BA62EC75040626896806FD63840,24.83763889,67.11222222,KHI0033,South,Karachi
680,0101000020E6100000F6FCBCEBE4C250408A91E3565AD73840,24.84122222,67.04522222,KHI5082,South,Karachi
681,0101000020E6100000D9942BBCCB9552409E98F56228773F40,31.46546,74.34056,LHR6862,Central A,Lahore
682,0101000020E6100000401361C3D39752401327F73B14953F40,31.58234,74.3723,LHR8173,Central A,Lahore
683,0101000020E61000005396218E75E35140F9A067B3EAFF4040,33.99935,71.55405,PSH3809,North,Peshawar
684,0101000020E6100000401361C3D3935240C1CAA145B6933F40,31.577,74.3098,LHR6436,Central A,Lahore
685,0101000020E6100000E96514CB2D935240B4E55C8AAB7A3F40,31.47918,74.29967,LHR6887,Central A,Lahore
686,0101000020E6100000AED85F764F925240F5108DEE20763F40,31.46144,74.2861,LHR6881,Central A,Lahore
687,0101000020E61000009947FE60E0955240191C25AFCE993F40,31.60081,74.34182,LHR3234,Central A,Lahore
688,0101000020E61000009A25016A6A9552400B5EF415A4913F40,31.56891,74.33462,LHR1534,Central A,Lahore
689,0101000020E6100000791EDC9DB59752400569C6A2E98C3F40,31.55044,74.37046,LHR3131,Central A,Lahore
690,0101000020E610000030134548DD9452400055DCB8C5743F40,31.456142,74.326006,LHR8994,Central A,Lahore
691,0101000020E610000030BB270F0B9352407429AE2AFB6E3F40,31.43352,74.29755,LHR4168,Central A,Lahore
692,0101000020E61000008E40BCAE5F9452403C889D2974763F40,31.46271,74.31834,LHR4177,Central A,Lahore
693,0101000020E6100000C0266BD443985240A3409FC8937C3F40,31.48663,74.37914,LHR6829,Central A,Lahore
694,0101000020E6100000AED3484BE5E551409BE61DA7E8004140,34.0071,71.59212,PSH0383,North,Peshawar
695,0101000020E6100000AA2B9FE579E2514056D4601A86FF4040,33.99628,71.53869,PSH3812,North,Peshawar
696,0101000020E6100000040473F4F8F15140906B43C538EB4140,35.83767,71.78082,CHT3469,North,Chitral
697,0101000020E6100000FFE7305F5E02524024D1CB28967F4140,34.99677,72.03701,WRI2138,North,Warai
698,0101000020E6100000F5BEF1B567E25140AE47E17A14024140,34.01625,71.53758,PSH0198,North,Peshawar
699,0101000020E6100000E79179C341C35040BCFF134CCACB3840,24.79605556,67.05088889,KHI0025,South,Karachi
700,0101000020E61000005A47551344DD5140C5E6E3DA50F54040,33.91653,71.45728,KHB1656,North,Peshawar
701,0101000020E6100000B6BE4868CB8D5240ECDD1FEF55733F40,31.45053,74.21554,LHR1344,Central A,Lahore
702,0101000020E610000023BE13B35E9252406E8B321B648A3F40,31.54059,74.28703,LHR3472,Central A,Lahore
703,0101000020E61000002F6EA301BCBD504017D9CEF753033940,25.013,66.9646,KHI0806,South,Karachi
704,0101000020E6100000DE3CD52137915240910F7A36AB9E3F40,31.6198,74.26899,SHD0657,Central A,Lahore
705,0101000020E61000009B559FABADE651407DD0B359F5014140,34.0153,71.60435,PSH1003,North,Peshawar
706,0101000020E61000001FEF1B8049C35040C022E08C71D93840,24.84938889,67.05136111,KHI5081,South,Karachi
707,0101000020E610000067D5E76A2B9A524088635DDC46933F40,31.5753,74.4089,LHR3491,Central A,Lahore
708,0101000020E61000000C76C3B64597524083FA96395D763F40,31.46236,74.36363,LHR6857,Central A,Lahore
709,0101000020E61000009E29745E63FF5140CA4FAA7D3A8E4140,35.11116,71.99044,DRA2064,North,Chitral
