4,2G,4G,2G,Huawei,South,Macro,Active,No,Batagram,North 3,North,KHYBER PAKHTUNKHWA,Own Built,-,-,No 4G,-,-,2025-06-16 14:53:54.503865,2025-06-16 14:53:54.503865
5,,,2G+4G,ZTE,North,Micro,Locked,Yes,Rahim Yar Khan,Central 7,Central B,PUNJAB,COLO,Guest,Enfra-COLO,2T2R,Locked/ Flood & Rain Affected,Locked/ Flood & Rain Affected,2025-06-16 14:53:54.503865,2025-06-16 14:53:54.503865
6,,,,,Central B,,,,Sargodha,Central 5,South,SINDH,Tower co B2S,Host,CMPAK,4T4R,Locked,Locked,2025-06-16 14:53:54.503865,2025-06-16 14:53:54.503865
7,,,,,Central A,,,,Khanewal,Central 6,Central A,BALOCHISTAN,OMO,,Enfrashare,4T6S,Locked/ Damaged,Locked/ PTA,2025-06-16 14:53:54.503865,2025-06-16 14:53:54.503865
8,,,,,,,,,Bahawalpur,North 1,,AZAD JAMMU & KASHMIR,B2S/Own power,,Telenor,MM,Locked/ Relocation,Locked/ Relocation,2025-06-16 14:53:54.503865,2025-06-16 14:53:54.503865
9,,,,,,,,,Abbottabad,South 2,,FATA,-,,PTCL,2T4R,Locked/ Dismantled,Locked/ Dismantled/ Relocation,2025-06-16 14:53:54.503865,2025-06-16 14:53:54.503865
10,,,,,,,,,Multan,South 3,,GILGIT BALTISTAN,,,Ufone,1T2R,Locked/ Dismantled/ Relocation,Locked/ Dismantled,2025-06-16 14:53:54.503865,2025-06-16 14:53:54.503865
11,,,,,,,,,Khushab,Central 3,,ICT,,,Telenor Ufone,1T1R,Locked/ PTA,Locked/ Damaged,2025-06-16 14:53:54.503865,2025-06-16 14:53:54.503865
12,,,,,,,,,Jhelum,Central 4,,,,,CMPAK Telenor Ufone,,,,2025-06-16 14:53:54.503865,2025-06-16 14:53:54.503865
13,,,,,,,,,Sanghar,North 2,,,,,E.co - COLO,,,,2025-06-16 14:53:54.503865,2025-06-16 14:53:54.503865
14,,,,,,,,,Ghotki,Central 2,,,,,E.co,,,,2025-06-16 14:53:54.503865,2025-06-16 14:53:54.503865
15,,,,,,,,,Lodhran,South 1,,,,,ATL,,,,2025-06-16 14:53:54.503865,2025-06-16 14:53:54.503865
16,,,,,,,,,Shikarpur,South 4,,,,,CMPAK Telenor,,,,2025-06-16 14:53:54.503865,2025-06-16 14:53:54.503865
17,,,,,,,,,Khairpur,Central 1,,,,,Tawal,,,,2025-06-16 14:53:54.503865,2025-06-16 14:53:54.503865
18,,,,,,,,,Toba Tek Singh,,,,,,CMPAK Ufone,,,,2025-06-16 14:53:54.503865,2025-06-16 14:53:54.503865
19,,,,,,,,,Sahiwal,,,,,,Wateen,,,,2025-06-16 14:53:54.503865,2025-06-16 14:53:54.503865
20,,,,,,,,,Larkana,,,,,,CMPAK PAK NAVY,,,,2025-06-16 14:53:54.503865,2025-06-16 14:53:54.503865
21,,,,,,,,,Attock,,,,,,CMPAK SCO Telenor,,,,2025-06-16 14:53:54.503865,2025-06-16 14:53:54.503865
22,,,,,,,,,Bahawalnagar,,,,,,PAK NAVY,,,,2025-06-16 14:53:54.503865,2025-06-16 14:53:54.503865
23,,,,,,,,,Mandi Bahauddin,,,,,,Military Comm. Tower,,,,2025-06-16 14:53:54.503865,2025-06-16 14:53:54.503865
24,,,,,,,,,Mianwali,,,,,,PTCL Telenor,,,,2025-06-16 14:53:54.503865,2025-06-16 14:53:54.503865
25,,,,,,,,,Nowshera,,,,,,MKZ,,,,2025-06-16 14:53:54.503865,2025-06-16 14:53:54.503865
26,,,,,,,,,Kashmore,,,,,,PAF,,,,2025-06-16 14:53:54.503865,2025-06-16 14:53:54.503865
27,,,,,,,,,Tando Allahyar,,,,,,EMTEL,,,,2025-06-16 14:53:54.503865,2025-06-16 14:53:54.503865
28,,,,,,,,,Gujranwala,,,,,,PAF Ufone,,,,2025-06-16 14:53:54.503865,2025-06-16 14:53:54.503865
29,,,,,,,,,Jacobabad,,,,,,DHA Telemann,,,,2025-06-16 14:53:54.503865,2025-06-16 14:53:54.503865
30,,,,,,,,,Jaffarabad,,,,,,Awal,,,,2025-06-16 14:53:54.503865,2025-06-16 14:53:54.503865
31,,,,,,,,,Dadu,,,,,,,,,,2025-06-16 14:53:54.503865,2025-06-16 14:53:54.503865
32,,,,,,,,,Okara,,,,,,,,,,2025-06-16 14:53:54.503865,2025-06-16 14:53:54.503865
33,,,,,,,,,Shangla,,,,,,,,,,2025-06-16 14:53:54.503865,2025-06-16 14:53:54.503865
34,,,,,,,,,Jamshoro,,,,,,,,,,2025-06-16 14:53:54.503865,2025-06-16 14:53:54.503865
35,,,,,,,,,Shaheed Benazirabad,,,,,,,,,,2025-06-16 14:53:54.503865,2025-06-16 14:53:54.503865
36,,,,,,,,,Lakki Marwat,,,,,,,,,,2025-06-16 14:53:54.503865,2025-06-16 14:53:54.503865
37,,,,,,,,,Jhang,,,,,,,,,,2025-06-16 14:53:54.503865,2025-06-16 14:53:54.503865
38,,,,,,,,,Faisalabad,,,,,,,,,,2025-06-16 14:53:54.503865,2025-06-16 14:53:54.503865
39,,,,,,,,,Pakpattan,,,,,,,,,,2025-06-16 14:53:54.503865,2025-06-16 14:53:54.503865
40,,,,,,,,,Badin,,,,,,,,,,2025-06-16 14:53:54.503865,2025-06-16 14:53:54.503865
41,,,,,,,,,Chiniot,,,,,,,,,,2025-06-16 14:53:54.503865,2025-06-16 14:53:54.503865
42,,,,,,,,,Umer Kot,,,,,,,,,,2025-06-16 14:53:54.503865,2025-06-16 14:53:54.503865
43,,,,,,,,,Dera Ismail Khan,,,,,,,,,,2025-06-16 14:53:54.503865,2025-06-16 14:53:54.503865
44,,,,,,,,,Chitral,,,,,,,,,,2025-06-16 14:53:54.503865,2025-06-16 14:53:54.503865
45,,,,,,,,,Shahdadkot,,,,,,,,,,2025-06-16 14:53:54.503865,2025-06-16 14:53:54.503865
46,,,,,,,,,Dera Ghazi Khan,,,,,,,,,,2025-06-16 14:53:54.503865,2025-06-16 14:53:54.503865
47,,,,,,,,,Chakwal,,,,,,,,,,2025-06-16 14:53:54.503865,2025-06-16 14:53:54.503865
48,,,,,,,,,Narowal,,,,,,,,,,2025-06-16 14:53:54.503865,2025-06-16 14:53:54.503865
49,,,,,,,,,Mardan,,,,,,,,,,2025-06-16 14:53:54.503865,2025-06-16 14:53:54.503865
50,,,,,,,,,Vehari,,,,,,,,,,2025-06-16 14:53:54.503865,2025-06-16 14:53:54.503865
51,,,,,,,,,Lasbela,,,,,,,,,,2025-06-16 14:53:54.503865,2025-06-16 14:53:54.503865
52,,,,,,,,,Mansehra,,,,,,,,,,2025-06-16 14:53:54.503865,2025-06-16 14:53:54.503865
53,,,,,,,,,Bagh,,,,,,,,,,2025-06-16 14:53:54.503865,2025-06-16 14:53:54.503865
54,,,,,,,,,Gujrat,,,,,,,,,,2025-06-16 14:53:54.503865,2025-06-16 14:53:54.503865
55,,,,,,,,,Lehri,,,,,,,,,,2025-06-16 14:53:54.503865,2025-06-16 14:53:54.503865
56,,,,,,,,,Rawalpindi,,,,,,,,,,2025-06-16 14:53:54.503865,2025-06-16 14:53:54.503865
57,,,,,,,,,Bhakkar,,,,,,,,,,2025-06-16 14:53:54.503865,2025-06-16 14:53:54.503865
58,,,,,,,,,Swat,,,,,,,,,,2025-06-16 14:53:54.503865,2025-06-16 14:53:54.503865
59,,,,,,,,,Matiari,,,,,,,,,,2025-06-16 14:53:54.503865,2025-06-16 14:53:54.503865
60,,,,,,,,,Bajaur Agency,,,,,,,,,,2025-06-16 14:53:54.503865,2025-06-16 14:53:54.503865
61,,,,,,,,,Lower Dir,,,,,,,,,,2025-06-16 14:53:54.503865,2025-06-16 14:53:54.503865
62,,,,,,,,,Upper Dir,,,,,,,,,,2025-06-16 14:53:54.503865,2025-06-16 14:53:54.503865
63,,,,,,,,,Kasur,,,,,,,,,,2025-06-16 14:53:54.503865,2025-06-16 14:53:54.503865
64,,,,,,,,,Naushahro Feroze,,,,,,,,,,2025-06-16 14:53:54.503865,2025-06-16 14:53:54.503865
65,,,,,,,,,Bhimber,,,,,,,,,,2025-06-16 14:53:54.503865,2025-06-16 14:53:54.503865
66,,,,,,,,,Layyah,,,,,,,,,,2025-06-16 14:53:54.503865,2025-06-16 14:53:54.503865
67,,,,,,,,,Bannu,,,,,,,,,,2025-06-16 14:53:54.503865,2025-06-16 14:53:54.503865
68,,,,,,,,,Sialkot,,,,,,,,,,2025-06-16 14:53:54.503865,2025-06-16 14:53:54.503865
69,,,,,,,,,Muzaffargarh,,,,,,,,,,2025-06-16 14:53:54.503865,2025-06-16 14:53:54.503865
70,,,,,,,,,Kohistan,,,,,,,,,,2025-06-16 14:53:54.503865,2025-06-16 14:53:54.503865
71,,,,,,,,,Malakand Protected Area,,,,,,,,,,2025-06-16 14:53:54.503865,2025-06-16 14:53:54.503865
72,,,,,,,,,Nankana Sahib,,,,,,,,,,2025-06-16 14:53:54.503865,2025-06-16 14:53:54.503865
73,,,,,,,,,Thatta,,,,,,,,,,2025-06-16 14:53:54.503865,2025-06-16 14:53:54.503865
74,,,,,,,,,Tando Mohammad Khan,,,,,,,,,,2025-06-16 14:53:54.503865,2025-06-16 14:53:54.503865
75,,,,,,,,,Sujawal,,,,,,,,,,2025-06-16 14:53:54.503865,2025-06-16 14:53:54.503865
76,,,,,,,,,Mirpur Khas,,,,,,,,,,2025-06-16 14:53:54.503865,2025-06-16 14:53:54.503865
77,,,,,,,,,Thar Parkar,,,,,,,,,,2025-06-16 14:53:54.503865,2025-06-16 14:53:54.503865
78,,,,,,,,,Chagai,,,,,,,,,,2025-06-16 14:53:54.503865,2025-06-16 14:53:54.503865
79,,,,,,,,,Charsadda,,,,,,,,,,2025-06-16 14:53:54.503865,2025-06-16 14:53:54.503865
80,,,,,,,,,Sukkur,,,,,,,,,,2025-06-16 14:53:54.503865,2025-06-16 14:53:54.503865
81,,,,,,,,,Diamir,,,,,,,,,,2025-06-16 14:53:54.503865,2025-06-16 14:53:54.503865
82,,,,,,,,,Killa Abdullah,,,,,,,,,,2025-06-16 14:53:54.503865,2025-06-16 14:53:54.503865
83,,,,,,,,,Kohat,,,,,,,,,,2025-06-16 14:53:54.503865,2025-06-16 14:53:54.503865
84,,,,,,,,,Washuk,,,,,,,,,,2025-06-16 14:53:54.503865,2025-06-16 14:53:54.503865
85,,,,,,,,,Kachhi(Bolan),,,,,,,,,,2025-06-16 14:53:54.503865,2025-06-16 14:53:54.503865
86,,,,,,,,,Kotli,,,,,,,,,,2025-06-16 14:53:54.503865,2025-06-16 14:53:54.503865
87,,,,,,,,,Mirpur,,,,,,,,,,2025-06-16 14:53:54.503865,2025-06-16 14:53:54.503865
88,,,,,,,,,Buner,,,,,,,,,,2025-06-16 14:53:54.503865,2025-06-16 14:53:54.503865
89,,,,,,,,,Rajanpur,,,,,,,,,,2025-06-16 14:53:54.503865,2025-06-16 14:53:54.503865
90,,,,,,,,,Loralai,,,,,,,,,,2025-06-16 14:53:54.503865,2025-06-16 14:53:54.503865
91,,,,,,,,,Nasirabad,,,,,,,,,,2025-06-16 14:53:54.503865,2025-06-16 14:53:54.503865
92,,,,,,,,,Poonch,,,,,,,,,,2025-06-16 14:53:54.503865,2025-06-16 14:53:54.503865
93,,,,,,,,,Muzaffarabad,,,,,,,,,,2025-06-16 14:53:54.503865,2025-06-16 14:53:54.503865
94,,,,,,,,,Mastung,,,,,,,,,,2025-06-16 14:53:54.503865,2025-06-16 14:53:54.503865
95,,,,,,,,,Sheikhupura,,,,,,,,,,2025-06-16 14:53:54.503865,2025-06-16 14:53:54.503865
96,,,,,,,,,Barkhan,,,,,,,,,,2025-06-16 14:53:54.503865,2025-06-16 14:53:54.503865
97,,,,,,,,,Swabi,,,,,,,,,,2025-06-16 14:53:54.503865,2025-06-16 14:53:54.503865
98,,,,,,,,,Hattian,,,,,,,,,,2025-06-16 14:53:54.503865,2025-06-16 14:53:54.503865
99,,,,,,,,,Ghizer,,,,,,,,,,2025-06-16 14:53:54.503865,2025-06-16 14:53:54.503865
100,,,,,,,,,Gilgit,,,,,,,,,,2025-06-16 14:53:54.503865,2025-06-16 14:53:54.503865
101,,,,,,,,,Gwadar,,,,,,,,,,2025-06-16 14:53:54.503865,2025-06-16 14:53:54.503865
102,,,,,,,,,Peshawar,,,,,,,,,,2025-06-16 14:53:54.503865,2025-06-16 14:53:54.503865
103,,,,,,,,,Hafizabad,,,,,,,,,,2025-06-16 14:53:54.503865,2025-06-16 14:53:54.503865
104,,,,,,,,,Malir,,,,,,,,,,2025-06-16 14:53:54.503865,2025-06-16 14:53:54.503865
105,,,,,,,,,Pishin,,,,,,,,,,2025-06-16 14:53:54.503865,2025-06-16 14:53:54.503865
106,,,,,,,,,Hyderabad,,,,,,,,,,2025-06-16 14:53:54.503865,2025-06-16 14:53:54.503865
107,,,,,,,,,Sohbatpur,,,,,,,,,,2025-06-16 14:53:54.503865,2025-06-16 14:53:54.503865
108,,,,,,,,,Hangu,,,,,,,,,,2025-06-16 14:53:54.503865,2025-06-16 14:53:54.503865
109,,,,,,,,,Harnai,,,,,,,,,,2025-06-16 14:53:54.503865,2025-06-16 14:53:54.503865
110,,,,,,,,,Hunza,,,,,,,,,,2025-06-16 14:53:54.503865,2025-06-16 14:53:54.503865
111,,,,,,,,,Nagar,,,,,,,,,,2025-06-16 14:53:54.503865,2025-06-16 14:53:54.503865
112,,,,,,,,,Haripur,,,,,,,,,,2025-06-16 14:53:54.503865,2025-06-16 14:53:54.503865
113,,,,,,,,,Karachi West,,,,,,,,,,2025-06-16 14:53:54.503865,2025-06-16 14:53:54.503865
114,,,,,,,,,Islamabad,,,,,,,,,,2025-06-16 14:53:54.503865,2025-06-16 14:53:54.503865
115,,,,,,,,,Tank,,,,,,,,,,2025-06-16 14:53:54.503865,2025-06-16 14:53:54.503865
116,,,,,,,,,Lahore,,,,,,,,,,2025-06-16 14:53:54.503865,2025-06-16 14:53:54.503865
117,,,,,,,,,Karak,,,,,,,,,,2025-06-16 14:53:54.503865,2025-06-16 14:53:54.503865
118,,,,,,,,,Khyber Agency,,,,,,,,,,2025-06-16 14:53:54.503865,2025-06-16 14:53:54.503865
119,,,,,,,,,Jhal Magsi,,,,,,,,,,2025-06-16 14:53:54.503865,2025-06-16 14:53:54.503865
120,,,,,,,,,Quetta,,,,,,,,,,2025-06-16 14:53:54.503865,2025-06-16 14:53:54.503865
121,,,,,,,,,Karachi East,,,,,,,,,,2025-06-16 14:53:54.503865,2025-06-16 14:53:54.503865
122,,,,,,,,,Korangi,,,,,,,,,,2025-06-16 14:53:54.503865,2025-06-16 14:53:54.503865
123,,,,,,,,,Kalat,,,,,,,,,,2025-06-16 14:53:54.503865,2025-06-16 14:53:54.503865
124,,,,,,,,,Ghanche,,,,,,,,,,2025-06-16 14:53:54.503865,2025-06-16 14:53:54.503865
125,,,,,,,,,Kharmang,,,,,,,,,,2025-06-16 14:53:54.503865,2025-06-16 14:53:54.503865
126,,,,,,,,,Kurram Agency,,,,,,,,,,2025-06-16 14:53:54.503865,2025-06-16 14:53:54.503865
127,,,,,,,,,Kharan,,,,,,,,,,2025-06-16 14:53:54.503865,2025-06-16 14:53:54.503865
128,,,,,,,,,Sudhnoti,,,,,,,,,,2025-06-16 14:53:54.503865,2025-06-16 14:53:54.503865
129,,,,,,,,,Khuzdar,,,,,,,,,,2025-06-16 14:53:54.503865,2025-06-16 14:53:54.503865
130,,,,,,,,,Killa Saifullah,,,,,,,,,,2025-06-16 14:53:54.503865,2025-06-16 14:53:54.503865
131,,,,,,,,,South Waziristan Agency,,,,,,,,,,2025-06-16 14:53:54.503865,2025-06-16 14:53:54.503865
132,,,,,,,,,Mohmand Agency,,,,,,,,,,2025-06-16 14:53:54.503865,2025-06-16 14:53:54.503865
133,,,,,,,,,Nushki,,,,,,,,,,2025-06-16 14:53:54.503865,2025-06-16 14:53:54.503865
134,,,,,,,,,North Waziristan Agency,,,,,,,,,,2025-06-16 14:53:54.503865,2025-06-16 14:53:54.503865
135,,,,,,,,,Orakzai Agency,,,,,,,,,,2025-06-16 14:53:54.503865,2025-06-16 14:53:54.503865
136,,,,,,,,,Astore,,,,,,,,,,2025-06-16 14:53:54.503865,2025-06-16 14:53:54.503865
137,,,,,,,,,Shigar,,,,,,,,,,2025-06-16 14:53:54.503865,2025-06-16 14:53:54.503865
138,,,,,,,,,Sibi,,,,,,,,,,2025-06-16 14:53:54.503865,2025-06-16 14:53:54.503865
139,,,,,,,,,Baltistan,,,,,,,,,,2025-06-16 14:53:54.503865,2025-06-16 14:53:54.503865
140,,,,,,,,,Dera Bugti,,,,,,,,,,2025-06-16 14:53:54.503865,2025-06-16 14:53:54.503865
141,,,,,,,,,Ziarat,,,,,,,,,,2025-06-16 14:53:54.503865,2025-06-16 14:53:54.503865
142,,,,,,,,,Kech,,,,,,,,,,2025-06-16 14:53:54.503865,2025-06-16 14:53:54.503865
143,,,,,,,,,Panjgur,,,,,,,,,,2025-06-16 14:53:54.503865,2025-06-16 14:53:54.503865
144,,,,,,,,,Zhob,,,,,,,,,,2025-06-16 14:53:54.503865,2025-06-16 14:53:54.503865
145,,,,,,,,,Musakhel,,,,,,,,,,2025-06-16 14:53:54.503865,2025-06-16 14:53:54.503865
